id,time,x,y
0,0,1201.611908503941,248.6269975560052
0,1,1279.7459475199382,277.0977059006691
0,2,1142.757957458496,244.88916640622276
0,3,1048.8965015411377,242.87337586283684
0,4,1019.1774620793083,263.4007543257692
0,5,1141.8602970930247,240.4874716126002
0,6,1309.9471136239858,270.0128204432818
0,7,1259.7458446025848,261.4446161594242
0,8,1242.1109788314157,229.56266027429828
0,9,1174.3086433410645,225.00531587004662
0,10,1233.074712753296,233.05614989250898
0,11,1229.9928200763204,205.44546817955762
0,12,1181.3453483581543,161.3274934887886
1,0,232.85267035166422,400.0924748182297
1,1,877.2724238308994,389.56630122932523
1,2,1711.7229652404785,306.16667568683624
2,0,737.5392150878906,377.33265459537506
3,0,1113.3841795079848,242.67459175165962
3,1,1167.0113690694172,235.71034759283066
3,2,1124.1063706771188,236.3168114942053
3,3,1230.3954928854237,238.41281474932381
3,4,1172.936164855957,163.2130547761917
3,5,1268.5050678253174,208.18723529577255
4,0,1267.736291885376,195.74167013168335
5,0,1100.805051703202,277.8151493009768
5,1,1208.3439234683387,257.1040375922856
5,2,1287.5814565022786,191.300311088562
5,3,1182.7912616729736,237.94949389994144
5,4,1164.1203260421753,221.2519677914679
5,5,1207.0102344859731,248.58934054320508
5,6,1213.8270107068513,236.11219007717935
5,7,1288.291049003601,266.2177453190088
5,8,1263.881185054779,236.62133172154427
5,9,1186.6662199600883,223.00995741201484
5,10,1271.6633115495954,236.98907349790846
6,0,1208.795223236084,246.9977080821991
6,1,1147.1034785679408,254.38270562461443
6,2,965.3844680786133,239.7866985797882
6,3,1242.564468383789,269.44704182446003
6,4,1145.3447723388672,199.37663733959198
7,0,698.9880752563477,422.2793912887573
8,0,1281.9141483306885,347.8563469648361
8,1,1227.8305435180664,213.11722080815923
8,2,1180.7417106628418,192.4298232793808
9,0,680.1204586029053,433.8071984052658
9,1,278.23752880096436,316.08023419976234
9,2,293.7928855419159,323.87077398598194
9,3,321.6913175582886,306.8629724532366
10,0,1147.0977973937988,263.2160295546055
10,1,1281.4480590820312,193.81255567073822
11,0,1263.4438705444336,326.65564119815826
11,1,773.7444877624512,209.6239686012268
11,2,1058.3090858459473,251.85107731819153
11,3,1155.6693404061455,254.90023708769255
11,4,1225.4221239956942,218.3854594555768
11,5,1215.9772109985352,207.60715395212173
11,6,1221.1138343811035,211.70579999685287
11,7,1244.6594696044922,256.07732462882996
11,8,1265.1987075805664,262.3013252019882
12,0,1144.3572235107422,290.37138015031815
13,0,1782.520866394043,357.3182952404022
13,1,368.3903503417969,265.70674628019333
14,0,1473.3897399902344,319.698543548584
15,0,1476.126937866211,316.4305508136749
16,0,1246.9721603393555,250.7539165019989
16,1,1222.3422813415527,245.9321764111519
16,2,1106.385841369629,204.84411925077438
17,1,1444.0858268737793,305.3633326292038
17,2,1105.0443649291992,206.393481194973
18,1,191.1513090133667,371.4549958705902
18,2,1702.8435134887695,300.62066942453384
19,1,1101.544418334961,243.6236071586609
19,2,1181.5077209472656,167.55005478858948
19,3,1179.2789840698242,166.69608235359192
20,2,1704.938621520996,306.3039028644562
21,2,1178.7020874023438,260.73116675019264
22,3,953.8895416259766,258.9294907450676
23,3,375.0515556335449,254.46432083845139
23,4,375.54283618927,259.9300043284893
23,5,371.6802978515625,262.7107295393944
23,6,366.4550729898306,263.01309207311044
23,7,362.1789264678955,260.0070494413376
24,3,1266.3587951660156,289.6522530913353
25,3,1263.02490234375,263.96873116493225
25,4,1255.6187438964844,263.0787232518196
25,5,1187.7338218688965,229.6115407347679
25,6,1250.0147755940754,293.2985731959343
26,4,1265.183738708496,207.06788671016693
26,5,1290.1049423217773,195.8877244591713
27,4,1194.1100406646729,255.84211461246014
27,5,1199.7595596313477,249.3081347644329
28,4,380.8764839172363,258.92056703567505
29,5,1157.7217483520508,207.01723158359528
30,5,1356.0445404052734,257.848225235939
31,5,1265.1912689208984,256.1715254187584
32,5,362.8822926112584,265.589750622
32,6,365.7988929748535,265.4319754242897
33,5,1183.0728149414062,211.05527848005295
33,6,1182.2345352172852,211.1807656288147
34,6,1390.8892822265625,268.76276671886444
35,6,475.58027744293213,310.54856300354004
35,7,479.25464630126953,309.9203145503998
36,6,1292.958984375,195.6112504005432
36,7,1291.5994491577148,193.84130787849426
36,8,1290.7182312011719,193.95397514104843
37,7,490.01824855804443,308.2594156265259
38,7,1358.3084106445312,265.365030169487
39,7,1261.182460784912,295.2170307934284
39,8,1190.4152154922485,256.11592976376414
39,9,1177.0066452026367,246.96678757667542
40,7,506.9227409362793,305.9437358379364
40,8,111.47964271903038,347.08648431301117
40,9,232.53432323890073,297.89053383682455
40,10,272.2176550115858,303.2759645794119
40,11,485.43979942798615,314.95799392461777
41,8,1369.5412063598633,315.3741681575775
42,8,1380.4986190795898,347.96698808670044
43,8,549.8866367340088,301.5648418664932
44,8,296.7623805999756,253.32719564437866
44,9,296.8510055541992,257.31953233480453
44,10,301.10809326171875,252.64438569545746
45,8,1323.7884521484375,310.5928999185562
45,9,1174.8582744598389,161.27275228500366
45,10,1291.5198262532551,236.07931315898895
45,11,1217.274284362793,193.5836559534073
46,8,1300.5908203125,318.3760643005371
46,9,1174.9430361661043,217.79431326822802
46,10,1155.8263778686523,205.01388124057226
47,9,360.5095117742365,256.2972393361005
47,10,327.0278352499008,284.3850054591894
47,11,759.9523544311523,293.7420880794525
48,9,1790.492820739746,263.81359219551086
49,9,1278.5020065307617,306.3921582698822
50,10,1252.6069670457107,265.31115552553763
50,11,1204.7456196376256,210.22825075047356
50,12,1203.3566207885742,212.71727389097214
51,10,1710.2851867675781,257.0465961098671
52,10,1211.3915797642298,254.49170695883888
52,11,1163.1707382202148,256.35438434779644
52,12,1150.9754053751628,250.13315498828888
53,10,1190.2458572387695,265.3441572189331
53,11,1176.781940460205,263.6332994699478
53,12,1088.0228233337402,151.8609184026718
54,11,1289.664659500122,191.26040294766426
55,11,363.8974070549011,246.0565470904112
55,12,368.6476707458496,246.05247348546982
55,13,454.85210785498987,286.3837144237298
55,14,472.01964139938354,280.26904106140137
55,15,282.6668643951416,246.86210095882416
56,12,1158.4431838989258,205.9876173734665
56,13,1156.9500350952148,205.66349387168884
57,12,282.8640031814575,247.64146104454994
57,13,392.3581314086914,271.71402275562286
58,13,1107.6772014911357,205.91410338878632
58,14,1104.7145357998934,200.17225417223844
58,15,1102.302131652832,194.28907692432404
59,13,363.38358879089355,254.6037608385086
60,13,1272.6244354248047,180.756613612175
61,14,1691.4405632019043,266.85521721839905
61,15,1511.973180770874,257.171206176281
61,16,792.7121686935425,254.37251514622145
61,17,1375.7033521478827,275.0164468857375
61,18,1797.4657201766968,302.34280737116933
61,19,1796.405439376831,283.36718156933784
62,14,675.5916595458984,304.81398940086365
62,15,354.331259727478,252.66567841172218
63,14,1696.1772537231445,265.4182666540146
64,15,1712.5116348266602,268.62821102142334
64,16,1714.6770858764648,263.3659764379263
65,15,755.7883453369141,294.9920564889908
65,16,762.2660636901855,292.19347447156906
66,15,1087.3198127746582,161.94527328014374
66,16,1084.885597229004,161.24642372131348
67,16,1720.056495666504,262.5868356227875
68,16,292.70896911621094,253.7781125307083
69,16,1781.0826873779297,263.5523986816406
70,16,1494.2342376708984,269.81124222278595
70,17,1486.1405181884766,270.2491155266762
71,16,1789.4302368164062,310.69356322288513
71,17,1796.9121551513672,308.2135283946991
72,16,805.0281143188477,290.37595868110657
73,16,898.8562774658203,291.4530077576637
74,17,854.2523193359375,294.53447967767715
75,17,1474.1698837280273,270.9769007563591
76,17,1790.0158309936523,265.24523198604584
76,18,1785.2002716064453,262.4459579586983
76,19,1792.1697006225586,268.9789023399353
77,18,1091.714221409389,158.70831523622786
77,19,1090.381851196289,161.70970022678375
78,18,764.048023223877,297.2453963756561
79,18,884.736442565918,290.68897247314453
80,18,1107.4317169189453,272.04148238897324
81,18,286.53749227523804,248.34959842264652
81,19,292.48250643412274,249.99904453754425
81,20,293.72284412384033,248.816781565547
82,19,1092.3905181884766,157.79152393341064
83,19,1283.3545303344727,269.4688341021538
84,19,1185.8545303344727,266.97005063295364
85,19,352.72170066833496,248.95785623788834
86,19,1206.1475372314453,267.79685229063034
86,20,1186.7933177947998,268.6714877933264
87,19,1088.2353973388672,151.26532316207886
88,19,1792.1943283081055,295.0229153037071
89,19,781.8711090087891,162.43265748023987
90,19,1709.9529647827148,261.5660324692726
90,20,1703.1715393066406,261.81204199790955
91,19,873.8862991333008,146.27134501934052
92,19,293.5247993469238,246.07148230075836
92,20,295.8008623123169,245.50649777054787
92,21,290.86082696914673,246.074026376009
93,20,802.9056440080915,269.27420688526973
94,20,364.19776916503906,253.20329368114471
95,20,887.3230934143066,273.47113385796547
96,20,785.7637596130371,271.09226524829865
97,20,1101.551342010498,274.00503762066364
97,21,1095.3608131408691,273.16257387399673
97,22,1096.8624114990234,265.2447009086609
98,20,1780.978775024414,270.67469358444214
99,20,1198.0173683166504,270.8835759758949
100,20,1081.1557388305664,288.7681782245636
101,20,779.9875831604004,273.09393614530563
101,21,772.7768065712669,270.6535602157766
101,22,775.0716018676758,272.91998013854027
102,21,1347.7988589893687,297.87764180790293
102,22,1194.045170545578,268.0990457162261
102,23,956.6351199150085,234.39298197627068
102,24,644.4647626876831,234.6366834640503
102,25,739.6300670078823,192.10788692746843
102,26,1176.2825139363606,160.82834601402283
102,27,1177.2136116027832,160.77850431203842
103,21,369.5690631866455,263.40623170137405
104,21,859.5839309692383,270.38939237594604
105,21,1461.0050010681152,347.3463839292526
106,21,773.1551742553711,272.8870251774788
106,22,778.5083198547363,274.41757410764694
107,21,1348.4053802490234,324.4878959655762
108,21,1106.9577598571777,276.9792761653662
109,21,1275.85693359375,327.19404101371765
109,22,783.3714294433594,159.6471244096756
109,23,689.7578159968058,213.99149000644684
109,24,938.3870601654053,210.78398644924164
109,25,724.8241281509399,187.29123316705227
110,21,1108.1555557250977,285.88944911956787
111,22,930.9208583831787,323.519811630249
111,23,774.608645439148,308.77165853977203
112,22,1089.5881462097168,267.83456817269325
113,22,1184.1844304402669,273.3212050795555
113,23,1203.437147140503,272.50444024801254
114,22,1002.806224822998,251.53510317206383
115,22,1573.231430053711,318.99586379528046
116,22,1795.2920722961426,268.2129789143801
116,23,1790.8074617385864,265.63386999070644
116,24,1792.7571029663086,265.50497871637344
117,22,1078.4187698364258,271.35456919670105
118,22,1177.778377532959,288.54902029037476
119,22,365.0133991241455,256.7933928966522
120,22,667.6036262512207,320.75662672519684
120,23,608.8758659362793,323.86837005615234
121,23,465.7945489883423,328.62292885780334
122,23,1207.7915382385254,272.1331165730953
123,23,928.5901379585266,310.0388413667679
124,23,1284.357089996338,276.08284771442413
124,24,1288.0952453613281,273.42355012893677
125,23,283.6281394958496,259.4418275356293
126,23,654.0913009643555,304.1065742075443
127,23,393.5860347747803,253.55999261140823
128,24,1720.259017944336,253.28440636396408
129,24,869.9852657318115,268.6795203387737
129,25,877.9827117919922,269.9299219250679
130,24,1729.3272399902344,253.39112609624863
131,24,858.7581253051758,268.03929179906845
132,25,800.2989196777344,267.95509189367294
133,25,483.5929870605469,257.9238957166672
134,25,290.7358932495117,245.9689897298813
135,25,776.9767761230469,269.2027938365936
135,26,775.4127992902484,268.7369588868959
136,25,749.088249206543,193.6303961277008
137,25,769.40459387643,269.6212751524789
138,25,573.775520324707,267.87790328264236
138,26,575.6838417053223,264.7209459543228
139,26,780.6146049499512,269.6123296022415
140,26,898.8064956665039,290.2597975730896
141,26,681.78955078125,271.7897629737854
141,27,686.1775302886963,269.5573590695858
142,26,814.8433113098145,290.61947375535965
143,27,1790.2944946289062,263.0933439731598
143,28,1794.407343864441,266.2670097872615
144,27,471.0559558868408,262.3970130085945
145,27,756.1517715454102,292.7035582065582
146,27,481.05299949645996,259.8461101949215
146,28,484.55204010009766,266.87916934490204
147,27,699.9993324279785,270.7177349925041
148,27,557.6377487182617,259.4895923137665
149,27,1459.7444915771484,261.24399840831757
150,27,765.7693290710449,272.4938830733299
150,28,777.3754596710205,270.40779903531075
151,27,1785.798683166504,308.28696995973587
152,28,1717.1905517578125,316.44838213920593
153,28,1177.788963317871,161.09447121620178
154,29,776.467695236206,271.2506912648678
155,29,295.1967144012451,293.42315196990967
156,30,358.8982915878296,301.9720011949539
157,30,195.49619793891907,295.4278825968504
158,30,170.86501121520996,296.0766398906708
159,30,1062.6150512695312,267.80549973249435
159,31,1067.2606658935547,266.4999586343765
160,31,1090.749797821045,264.0329070389271
161,31,760.4472541809082,263.23355108499527
162,31,496.501407623291,246.15274250507355
163,33,280.683331489563,335.65124452114105
164,33,165.1466417312622,376.4606577157974
164,34,292.8303337097168,256.8871682882309
164,35,132.94983506202698,341.4497519284487
164,36,121.14919006824493,342.310206592083
165,34,154.58888053894043,378.6223840713501
166,34,449.4789218902588,293.6654841899872
167,34,146.23095989227295,377.66013622283936
168,36,104.47617597877979,357.5932263582945
168,37,553.2836151123047,322.08404660224915
168,38,1716.6884994506836,253.37631225585938
169,36,891.0950088500977,317.67781019210815
170,37,770.2027702331543,161.2875621020794
170,38,1612.1012592315674,355.66609740257263
171,37,867.6577949523926,138.39107394218445
171,38,1469.7545623779297,350.75616359710693
172,37,363.45065116882324,324.6019971370697
172,38,1785.9387817382812,266.9447890520096
173,39,875.1662063598633,326.55513882637024
174,39,1709.4937133789062,263.84296238422394
175,39,1795.2202033996582,263.3116275072098
176,39,1702.0917129516602,261.83386981487274
177,39,1691.8423461914062,260.38961559534073
177,40,434.90967750549316,314.52826380729675
178,40,385.9852123260498,319.91583466529846
179,41,358.7961673736572,326.7818284034729
180,41,1230.3530430793762,292.2870748490095
180,42,1142.5039863586426,295.08603036403656
181,41,1552.4021244049072,355.54403007030487
182,41,466.0488224029541,314.8444962501526
182,42,1069.0439987182617,256.27296924591064
183,41,777.8876781463623,318.19924771785736
184,41,675.2656173706055,315.363632440567
184,42,639.5787620544434,316.8617856502533
185,42,1542.2029209136963,295.97696531564
185,43,1073.2310132419361,288.6244754054967
185,44,599.7826257348061,287.75636315345764
185,45,300.34677233014787,289.126547404698
186,42,1238.4524536132812,347.36445665359497
187,42,170.44004917144775,321.1225390434265
188,42,1760.4293060302734,360.4781413078308
189,42,1155.8781051635742,340.8991527557373
190,42,1654.508399963379,357.94178009033203
191,42,753.2712936401367,345.0314497947693
192,43,645.2574062347412,345.0654709339142
193,43,544.9680233001709,350.6902241706848
194,43,460.69145679473877,349.8852074146271
195,44,1555.9574890136719,356.1569094657898
196,44,355.5156898498535,349.3378436565399
197,44,1702.291030883789,294.59274530410767
197,45,1453.2104516029358,287.6701450534165
197,46,1123.8298988342285,281.1031222343445
198,45,849.8199605941772,320.51543712615967
198,46,698.2708740234375,201.39609932899475
199,45,858.8202896118164,257.9752122759819
199,46,687.3271751403809,200.05791306495667
200,45,1625.5419387817383,331.4721268415451
200,46,1145.237876667696,316.3536747588831
200,47,463.0548968911171,306.6478946618736
201,45,780.6256484985352,327.7017831802368
202,45,641.5155029296875,327.4346995353699
203,47,691.8510246276855,202.2942155599594
204,48,1363.0662605979226,196.61620389331472
204,49,1358.8460540771484,197.00827360153198
205,49,1347.4298858642578,198.1084245443344
206,50,1266.9964599609375,179.10916328430176
207,51,1180.0728098551433,168.55178117752075
207,52,1177.529411315918,170.78618824481964
207,53,992.999930130808,181.33495773139754
207,54,817.8306374183068,192.17671105494867
207,55,864.6218427022299,177.99823433160782
207,56,813.9740937755954,177.80474637785267
207,57,853.8441666689786,257.41934976794505
207,58,973.6720456575092,160.6398740567659
207,59,790.1184225082397,173.86992495507002
207,60,824.5866943359375,180.2458922624588
207,61,930.6014156341553,185.52362859249115
207,62,679.6015214920044,208.7693953514099
208,51,1621.2210273742676,344.6466279029846
209,52,1284.8413467407227,192.745218873024
210,52,1170.0193405151367,166.0984593629837
210,53,1169.3825912475586,165.75953543186188
211,53,387.94361114501953,312.4588966369629
212,55,866.8886661529541,146.58484160900116
212,56,865.350193977356,147.5995534658432
212,57,908.4327688583961,324.74699983230005
212,58,789.9849936541389,161.91054971779093
212,59,773.4429287910461,168.69989566504955
212,60,783.9051818847656,164.82486337423325
213,55,1174.0047454833984,163.70262444019318
214,55,783.6809635162354,160.8754661679268
214,56,786.0621643066406,159.81974709033966
214,57,914.0696668624878,346.9696167111397
215,55,862.994556427002,147.9660451412201
216,56,789.8175144195557,155.85666820406914
217,56,1093.9911215645927,150.18948452813285
217,57,1092.9933700561523,150.1277779340744
218,57,930.1541090011597,613.6524550616741
218,58,857.0249135153634,151.09356675829207
219,57,1179.7867012023926,163.0557480454445
219,58,1180.2052561442058,162.32007443904877
220,58,1289.696273803711,165.54295241832733
221,59,1181.8848037719727,157.27946877479553
221,60,1047.1436805725098,168.19969761371613
221,61,1177.0945358276367,163.0122721195221
222,60,866.9075529915946,152.26932150976998
223,60,251.99512481689453,363.21444511413574
224,61,171.18966579437256,378.91998052597046
224,62,170.11515140533447,379.7189140319824
225,62,69.85924959182739,385.61351895332336
225,63,121.95231586694717,368.92791509628296
225,64,90.90194195508957,366.32903292775154
226,63,787.2346687316895,198.0666947364807
227,63,24.9588842689991,388.42758536338806
228,63,691.0169219970703,206.0820096731186
228,64,684.5432925224304,206.68642066419125
229,63,783.8342571258545,206.3045659661293
229,64,776.3565587997437,210.25956764817238
230,64,786.1505126953125,203.63534688949585
231,65,1784.8183822631836,304.38825845718384
232,66,1639.7664642333984,299.02650117874146
233,66,785.0159645080566,152.01689422130585
233,67,791.6693687438965,150.99098145961761
234,67,552.372579574585,142.28259980678558
235,68,820.415153503418,267.2137427330017
236,68,787.7006435394287,154.7850787639618
236,69,793.2310724258423,158.9796084165573
236,70,791.1079978942871,159.8567819595337
236,71,785.2531642913818,157.4379197359085
237,68,859.599552154541,146.98891505599022
238,68,161.20450973510742,381.3312327861786
239,69,166.65166854858398,376.5582311153412
240,69,292.12005615234375,302.1887692809105
241,69,790.7357311248779,161.88503623008728
241,70,784.7376179695129,160.37676841020584
242,70,692.6136481761932,152.42978878319263
242,71,698.6938095092773,149.68427896499634
243,70,287.7168273925781,258.7575128674507
243,71,204.41083431243896,372.3513901233673
243,72,197.7430021762848,375.9044748544693
244,70,469.5421886444092,312.191458940506
245,70,40.79807639122009,308.1908690929413
246,70,557.0764350891113,144.8892706632614
246,71,553.2658931187221,143.58344799705915
247,70,25.934831500053406,309.66697454452515
248,70,1176.3349342346191,159.13133561611176
249,70,373.2369804382324,324.35686469078064
250,70,361.80418968200684,326.79853320121765
251,70,239.4596815109253,361.8273997306824
251,71,241.93970799446106,360.39026141166687
251,72,238.26781749725342,364.3725049495697
252,71,262.328896522522,359.0473785996437
253,71,274.81983184814453,357.1551847457886
254,72,166.84125185012817,377.4373573064804
254,73,348.1426763534546,663.7954258918762
255,72,137.81352996826172,381.8508303165436
255,73,424.0451431274414,659.887855052948
256,72,78.93737018108368,385.47467440366745
256,73,124.0186357498169,483.2164227962494
257,73,134.40669536590576,675.432071685791
258,73,164.87755179405212,675.051691532135
259,73,769.8020267486572,153.92800837755203
259,74,764.9906158447266,156.3881653547287
259,75,770.2923488616943,153.21579337120056
259,76,770.6258583068848,150.30909553170204
259,77,770.7917518615723,152.89397576451302
260,73,471.21668100357056,658.2321810722351
261,73,556.3442873954773,649.2005825042725
261,74,591.3104438781738,645.6105637550354
262,74,635.755205154419,642.1010112762451
263,74,678.2390213012695,637.8885698318481
264,74,861.5744876861572,615.0462234020233
265,74,935.2172613143921,608.5666608810425
266,74,971.7052459716797,608.4430646896362
266,75,991.8509387969971,602.1593570709229
267,75,1062.9592323303223,597.2119125723839
268,75,1157.2329330444336,583.1939345598221
269,76,1393.5994720458984,542.1538138389587
270,76,545.6232729825107,140.68798911842433
270,77,544.0958731515067,141.14658619676317
271,77,1479.5093536376953,938.1646156311035
272,79,226.76178574562073,347.5175155699253
272,80,135.26466250419617,384.93077874183655
272,81,184.93357729911804,362.1169978380203
272,82,453.914794921875,306.20946764945984
272,83,75.97520470619202,389.2932415008545
273,79,925.8193302154541,723.1191354990005
274,79,1175.1604579045222,160.15578760550574
274,80,1176.6511631011963,160.35706624388695
275,79,548.7194967269897,141.77687734365463
276,79,770.0908899307251,154.51602771878242
276,80,768.2354736328125,155.62683641910553
277,79,163.4312868118286,378.9433157444
278,80,1174.3568229675293,162.88359850645065
278,81,1173.684310913086,163.28511714935303
279,81,371.6388702392578,270.4525423049927
280,82,361.521692276001,308.7733483314514
280,83,159.8020076751709,387.79792070388794
281,82,781.8010139465332,150.76683461666107
282,82,190.86743831634521,371.49442434310913
283,82,160.09265899658203,324.3366515636444
283,83,60.57268872857094,390.5155724287033
284,83,74.772469997406,378.3605629205704
285,83,865.8993673324585,192.6628938317299
285,84,769.0694236755371,209.62326049804688
286,83,40.26053935289383,418.6332231760025
286,84,32.6954559981823,419.30518090724945
286,85,39.50742334127426,410.1136636734009
287,84,54.17134622732798,416.7719328403473
288,84,770.427303314209,150.41344285011292
289,84,193.75152683258057,483.02451825141907
290,85,148.50942770640054,385.91896533966064
290,86,337.4654706319173,313.1164902448654
291,85,172.74208545684814,373.2137954235077
292,85,180.44175624847412,374.58423256874084
293,85,198.7784492969513,369.0322047472
294,87,364.4827079772949,308.252409696579
294,88,1018.5582739114761,379.0350077301264
294,89,678.2197862863541,434.31542387232184
295,88,294.4673023223877,431.8646557331085
296,88,1182.6530742645264,189.1627036035061
296,89,763.7239837646484,247.58550882339478
296,90,1209.5320558547974,196.0457280278206
296,91,1199.571771621704,201.8667908012867
296,92,918.0326393672398,221.68716264622552
296,93,1175.5902099609375,164.83395606279373
297,88,274.033899307251,259.7225743532181
297,89,125.64450323581696,545.5550855398178
297,90,1786.0332870483398,265.75168669223785
297,91,44.987232238054276,423.6201202869415
298,90,1388.5587120056152,205.301151573658
299,90,1377.487907409668,204.27246272563934
299,91,1373.4009170532227,205.12545347213745
300,91,233.39576482772827,322.8926521539688
301,91,80.94128251075745,399.74222123622894
302,92,153.86587207967585,382.01300740242004
302,93,1183.727855682373,732.9777932167053
302,94,528.493725836277,484.7326111793518
302,95,972.8633823394775,554.6392446756363
303,92,188.59488010406494,373.23217391967773
303,93,671.9214498996735,496.4183534681797
303,94,1281.2306213378906,480.90277075767517
303,95,140.29417991638184,388.54612827301025
303,96,1236.4385919570923,434.10011172294617
303,97,1110.6069349050522,367.6230890750885
304,93,239.35750007629395,370.85594058036804
305,94,1095.9653663635254,153.97853314876556
305,95,755.546070098877,261.0226880013943
305,96,1011.9516861957053,394.54365480205286
305,97,1008.2161728541056,350.4403542727232
305,98,958.7683911323547,318.0597779452801
305,99,928.9604661124093,373.63492300680707
305,100,1011.649124111448,346.03212574762955
305,101,1016.7619077782882,321.3517789777957
305,102,1174.3091635270553,262.3375299031084
305,103,1154.5977115631104,185.7372222840786
305,104,1308.4001541137695,533.8453803956509
306,94,1301.47705078125,498.9042019844055
306,95,136.14011764526367,402.6918411254883
306,96,1350.3964004516602,507.7335662841797
306,97,216.40008509159088,371.2196561694145
306,98,586.9199560085932,352.96091973781586
306,99,1179.4975662231445,265.59600457549095
306,100,190.80288569132486,343.1706038117409
306,101,468.89243245124817,464.35018099844456
307,94,1288.176383972168,490.5817687511444
307,95,165.41545629501343,382.53653705120087
307,96,376.0685634613037,360.96234226226807
307,97,1143.918800354004,388.6209511756897
307,98,1184.959373474121,307.92243361473083
308,95,1398.6009979248047,430.4979908466339
309,95,1204.5394706726074,380.7042959332466
310,95,1181.6259956359863,365.550252199173
311,95,1478.382453918457,433.6950123310089
311,96,1118.0798721313477,293.0734133720398
312,96,1361.3706970214844,358.02920937538147
313,96,1385.2492904663086,367.8477895259857
313,97,1170.4331302642822,334.7783561423421
314,96,536.1009407043457,306.8366861343384
315,96,1255.0186157226562,313.47753524780273
316,97,822.7558135986328,303.17812621593475
316,98,708.9729166030884,287.2666668891907
316,99,1010.1269817352295,416.72522708773613
316,100,838.8789694649832,381.2588177408491
316,101,1055.7633173465729,392.82139778137207
316,102,1158.170152391706,277.502093400274
317,97,1296.5675354003906,303.89792919158936
317,98,137.93403148651123,383.05229902267456
317,99,1120.572509765625,261.556199491024
318,97,1282.9372787475586,305.6148862838745
319,97,721.7465400695801,240.46039458364248
319,98,663.4585285186768,318.39571952819824
319,99,654.3279361724854,318.5532349348068
320,97,764.7458610534668,298.57537347078323
321,97,773.2027473449707,264.03315085172653
321,98,958.8222217559814,296.69793605804443
321,99,844.4032430648804,265.81800296902657
322,97,688.5489177703857,297.6731067895889
322,98,737.0328648885092,275.20351588726044
322,99,672.0722579956055,331.8747750297189
322,100,824.7749447822571,369.494254142046
322,101,964.6710920333862,297.95110166072845
322,102,1168.0096435546875,199.46801885962486
323,98,1185.5258560180664,323.2622981071472
324,98,336.1422638459639,422.0624249631708
324,99,213.998544216156,510.7503046989441
325,98,782.5709438323975,359.66669127345085
325,99,899.5350793691782,372.6293453803429
325,100,860.8756141662598,394.5416113436222
325,101,1097.0768280029297,273.27152359485626
325,102,1178.870506286621,160.50803303718567
326,98,348.8299298286438,413.4608191251755
327,98,651.1062812805176,344.8403584957123
328,99,1697.9151077270508,488.6387738585472
329,99,1139.8555254936218,341.32582515478134
330,99,388.1020736694336,261.9539925456047
330,100,252.62619018554688,331.2029081583023
330,101,481.896915435791,582.6407986879349
331,99,586.1527442932129,381.36913776397705
332,100,293.53363037109375,263.7581267952919
332,101,431.239013671875,615.6751155853271
333,100,789.4109344482422,306.26942843198776
333,101,1361.795883178711,423.6919927597046
334,100,778.6408805847168,307.6134270429611
334,101,767.5760078430176,322.19216108322144
335,101,1134.6064976283483,317.3939619745527
336,101,1194.4184875488281,466.0722255706787
337,101,1168.331771850586,417.7055983543396
337,102,1276.66259765625,193.26455622911453
337,103,1099.4306945800781,251.94837391376495
338,101,746.9416809082031,356.55824303627014
339,101,1287.2866344451904,362.79304325580597
340,102,344.066162109375,712.1588087081909
341,102,1265.3162384033203,320.1145702600479
341,103,1115.0107955932617,206.15455269813538
342,102,274.3636894226074,788.7058568000793
343,102,1158.7504741123744,308.10856934104646
344,102,1668.3006477355957,573.2949900627136
344,103,1579.0178298950195,497.901828289032
345,102,1285.0334358215332,259.70600232481956
345,103,1262.4872589111328,251.0026216506958
346,102,1430.5614280700684,693.8762363791466
347,103,1193.7017440795898,264.30444449186325
348,103,1169.8288879394531,255.66177481412888
348,104,1169.4353485107422,245.76985783874989
349,103,1162.4679946899414,252.11174458265305
350,103,1230.2957153320312,235.30572026968002
351,103,1285.246467590332,496.24250650405884
352,104,1284.5010484967913,192.0807100193841
352,105,1281.4534149169922,192.9270372390747
353,104,1186.9686126708984,208.21628093719482
353,105,1173.5617446899414,203.34864556789398
354,104,1390.8334350585938,743.490571975708
355,104,368.59893321990967,264.46178421378136
355,105,380.5493724346161,261.84573020786047
355,106,386.1331558227539,257.653891146183
356,105,1302.11909866333,378.94822096824646
356,106,1124.8867263793945,265.7953187227249
357,105,383.1321430206299,261.2215965986252
358,105,1151.5306091308594,198.5973697900772
359,106,1661.6748174031575,598.3272010087967
359,107,1507.9298296841707,428.9266872135076
359,108,1391.3980293273926,343.94352972507477
360,106,383.95076751708984,250.01222670078278
361,106,683.2942199707031,209.81345057487488
362,107,1242.0537757873535,240.0445881485939
363,107,1195.3440856933594,240.1367461681366
363,108,1029.5091533660889,218.47364822030067
363,109,874.8172488965487,209.13093863349212
363,110,797.0754523710771,312.7652419697155
363,111,915.2440738677979,290.3637680411339
363,112,1061.8809360265732,239.78298023343086
364,108,782.9100322723389,204.41395461559296
365,108,570.4592132568359,223.25750827789307
366,108,1185.1752090454102,206.2884485721588
366,109,904.4843928019205,257.8782534599304
366,110,847.2864151000977,274.6201694011688
366,111,172.65742778778076,274.5918560028076
367,108,1277.804832458496,196.95872247219086
368,108,862.8868675231934,194.73108619451523
368,109,859.3136596679688,197.73868203163147
369,109,774.1521072387695,198.9126580953598
369,110,764.703311920166,315.2193886041641
370,109,360.78271865844727,258.3707410097122
370,110,362.6807403564453,257.9454901814461
371,109,1034.3500518798828,212.37306118011475
371,110,789.8164176940918,247.07697808742523
372,109,1074.6179008483887,220.2602818608284
372,110,757.9669332504272,339.42609898746014
373,109,1286.1822509765625,189.42474603652954
374,109,867.9117965698242,202.58127093315125
375,109,1266.8286895751953,255.18201157450676
375,110,1240.0577545166016,253.36459636688232
376,109,881.6314888000488,205.6119042634964
377,110,1068.380470275879,215.02377033233643
378,110,280.76776027679443,259.3666398525238
379,110,286.9117069244385,258.1238463521004
379,111,290.41290283203125,260.2290353178978
379,112,426.3799638748169,293.3838771879673
379,113,508.51534938812256,289.15937304496765
379,114,926.1179866790771,325.4049861431122
380,110,269.1329097747803,262.5248444080353
380,111,261.881103515625,264.10800218582153
381,111,255.6155490875244,265.4566490650177
382,111,687.3256301879883,351.4511454105377
383,111,354.8097381591797,258.3641991019249
383,112,352.4497604370117,256.6663145273924
383,113,1676.499366760254,590.4876923561096
384,112,279.8330497741699,261.943419277668
385,112,1281.5545272827148,267.7560129761696
385,113,1167.539552961077,161.18966971124922
385,114,1241.8043854657342,364.02797520160675
385,115,1193.4527518532493,283.54897937991404
385,116,1312.7907049655914,371.4044658187777
385,117,1238.9498339201275,284.09194274952534
385,118,1218.1883525848389,280.9077300131321
385,119,1184.641648701259,272.719474285841
385,120,1210.8838506845327,259.6582771608463
385,121,1107.0058146390047,229.2888223447583
385,122,1037.7237158555251,188.05408977545224
385,123,1068.1903839111328,204.96696710586548
386,112,270.5951929092407,255.25838613510132
387,113,1167.7973127365112,203.96517913788557
387,114,1268.5180282592773,519.1336476802826
387,115,1165.5089950561523,258.35797637701035
387,116,1270.2941131591797,380.55986523628235
387,117,1272.1376477755034,311.1659045632069
387,118,1214.527894592285,283.24708260297774
387,119,1199.6719154944788,270.73620076362903
387,120,1185.2818371699407,283.81303372291416
387,121,1207.4129676818848,274.4246406555176
388,114,1196.4545059204102,445.77531695365906
388,115,1180.6600856781006,319.14467208087444
388,116,1334.0598262440074,355.770032026551
388,117,1182.6699485778809,256.8960171639919
388,118,1224.4222564697266,291.5130811929703
388,119,1199.699456351144,243.59569954020637
388,120,1196.6110610961914,229.85998705029488
389,114,1247.580909729004,295.40416717529297
389,115,1186.4739462045522,200.2329210134653
389,116,1258.9142990112305,290.2387636899948
389,117,1090.6048679351807,256.6762561351061
389,118,1286.0676383972168,321.66497826576233
390,114,1343.4401321411133,574.4061863422394
390,115,1129.9950408935547,304.5337200164795
391,115,1196.1540985107422,373.23583513498306
391,116,1192.8822326660156,360.7362771034241
392,116,1168.416404724121,317.03222393989563
392,117,1083.5784530639648,154.5694613456726
392,118,1304.5848655700684,285.992039591074
393,116,1250.7508087158203,525.1691007614136
393,117,1201.816177368164,451.172925978899
394,117,492.1810785929362,210.43850362300873
394,118,492.26690769195557,210.1878923177719
395,117,1206.4945220947266,284.26964700222015
396,117,1521.2719345092773,881.2557792663574
397,117,1160.531753540039,380.508770942688
398,117,1134.917221069336,357.2618079185486
398,118,1133.6761093139648,356.12507700920105
399,118,1243.5602474212646,486.4121152460575
399,119,1180.716724395752,264.2448967695236
399,120,1145.4538067904386,254.5359204574065
399,121,1165.0747459813167,264.5579509358657
399,122,1066.4992332458496,210.43507665395737
399,123,1071.379623413086,205.18741250038147
400,118,1141.7150115966797,313.7238907814026
400,119,1150.8837890625,322.42964923381805
401,118,1241.6475677490234,297.0583042502403
402,118,503.90936279296875,204.38538265228271
403,118,1187.887814839681,397.75675892829895
403,119,1164.1410827636719,367.4661862850189
404,118,1255.463523864746,263.3865563571453
404,119,1265.2640075683594,257.51995664834976
404,120,1244.7928619384766,258.51942121982574
405,119,800.6954040527344,364.43255960941315
405,120,1454.8115539550781,677.3202180862427
406,119,1173.992805480957,250.5168977379799
406,120,1173.2347869873047,257.23755751337325
406,121,1180.0238513946533,245.5290886759758
406,122,1071.8549823760986,203.0866514146328
406,123,1079.9248123168945,197.88909602165222
406,124,700.7173347473145,160.25198936462402
407,120,1567.5748443603516,807.2353076934814
407,121,1289.058437347412,492.2735318541527
408,120,1502.2857284545898,731.3591551780701
409,120,1070.2265167236328,212.07142665982246
410,120,1082.8040313720703,260.99948555231094
411,120,1390.8246231079102,599.8638474941254
412,120,1350.9107208251953,555.2890580892563
413,121,1180.7021284103394,211.6824708133936
414,122,1195.6655502319336,365.7165598869324
415,122,1065.930290222168,206.1096203327179
416,122,1161.754633585612,202.82359778881073
416,123,1170.0341033935547,202.42510199546814
417,122,1239.3835830688477,268.5740491747856
418,122,1169.7052001953125,316.40225887298584
419,125,770.8630275726318,159.32792276144028
419,126,775.2779159545898,159.8947834968567
419,127,770.4382438659668,163.34997135400772
420,126,261.8616771697998,253.31266343593597
421,127,876.7926979064941,151.46036803722382
422,127,860.9423160552979,202.93960332870483
422,128,855.18585840861,203.58901798725128
422,129,1174.9466514587402,256.50742945075035
422,130,706.4167785644531,195.2391643077135
422,131,804.9899648365222,249.1182743875604
422,132,669.6895721554756,284.3149218522012
422,133,855.2981758117676,242.5234079360962
423,127,274.3775749206543,258.85199904441833
424,127,1711.5731620788574,311.34037122130394
424,128,1522.0785217285156,303.74860203266144
424,129,1102.180985843434,296.36239455026737
424,130,656.0613298416138,295.6799776238554
424,131,309.5870700749484,296.9530368122187
425,128,361.3501739501953,257.57764130830765
425,129,366.2981128692627,259.27202358841896
426,129,1341.6385396321614,309.69107687473297
426,130,854.2956447601318,245.29463410377502
426,131,854.6963228498187,244.59015305553163
426,132,856.3873100280762,246.91343039274216
427,129,848.268871307373,207.9904067516327
427,130,1226.9443130493164,321.01415634155273
427,131,857.232871055603,213.5311894118786
427,132,862.5222587585449,217.50477075576782
428,129,385.643892288208,257.3550099134445
428,130,55.03514528274536,379.02262330055237
429,130,1134.0626907348633,316.79924726486206
430,130,1051.3483715057373,319.3094666004181
430,131,774.195499420166,202.1778291463852
430,132,774.4139957427979,206.67698800563812
431,131,1294.6045303344727,319.7771751880646
432,131,871.126766204834,318.0556583404541
433,131,1235.1508712768555,305.1161804795265
434,131,755.0818490982056,317.900210916996
434,132,721.6432571411133,315.0201380252838
435,131,1066.3093185424805,302.0271447300911
436,132,679.7728157043457,312.9919373989105
437,132,844.2257690429688,247.23191052675247
438,132,638.0271148681641,318.1600284576416
439,132,1395.311622619629,290.06561636924744
440,132,45.54499939084053,424.57508593797684
440,133,56.22249752283096,428.059943318367
441,132,662.1909713745117,309.2706298828125
442,133,537.7748966217041,304.0157921612263
443,133,467.04503059387207,311.0368001461029
444,134,120.20877957344055,412.2299909591675
444,135,125.78814536333084,408.93400400877
444,136,201.5714156627655,357.08056569099426
445,134,549.1533851623535,139.80365931987762
445,135,864.6758308410645,249.00097489356995
445,136,1130.9898131234306,255.00736355781555
445,137,984.0202480813731,270.6473060146622
445,138,902.0913076400757,276.0363809191264
445,139,740.651668035067,222.66348749399185
446,134,56.66997313499451,412.12783098220825
446,135,69.58484172821045,411.247798204422
447,134,141.22418403625488,389.736932516098
447,135,140.4260015487671,389.05747532844543
448,135,149.98241901397705,389.3059229850769
449,135,164.14422512054443,387.9506778717041
449,136,162.73334741592407,384.77351546287537
449,137,162.74838387966156,377.98333302140236
449,138,159.0535026438096,376.3467392500709
449,139,164.0002727508545,375.0646322965622
449,140,161.4632193247477,375.3745901584625
449,141,161.0222558414235,378.3105839000029
449,142,158.3797125382857,379.00951753963125
449,143,157.8723406791687,378.96265983581543
449,144,154.7623372077942,377.9027098417282
449,145,156.38126720081675,377.9606382413344
449,146,159.72183068593344,377.24833130836487
449,147,183.9529983813946,371.97793502074023
449,148,186.2782233953476,368.09486120939255
449,149,165.83377361297607,376.7477238178253
449,150,167.6918864250183,377.5830253958702
450,136,173.3353328704834,385.6450295448303
450,137,172.188401222229,380.30177414417267
451,136,1161.2971115112305,286.8066304922104
451,137,942.1424552372524,277.0309323498181
452,136,1446.322660446167,322.60485649108887
452,137,858.7108530317034,282.96734639576505
452,138,784.2235679626465,350.96087408065796
453,136,50.78903913497925,386.9264817237854
453,137,70.9261189699173,383.01647329330444
454,136,244.1952681541443,361.78053617477417
454,137,245.79997301101685,379.7050416469574
454,138,249.05169010162354,369.29129924092973
454,139,255.996781984965,364.7295928001404
454,140,264.1874272482736,362.89177077157154
454,141,266.2950801849365,365.89124035835266
454,142,266.7155337333679,365.8817249536514
454,143,271.4656366620745,365.3240132331848
454,144,268.6069965362549,362.19361782073975
454,145,269.34868454933167,365.88740587234497
454,146,266.16288900375366,367.5855338573456
454,147,266.79759979248047,365.00598907470703
454,148,265.483775138855,365.0910472869873
455,136,1587.9158020019531,363.817121386528
455,137,858.9785385131836,245.9641134738922
455,138,784.9954339436123,337.8784570097923
455,139,863.3963298797607,245.78389316797256
456,136,166.9999623298645,374.3989026546478
456,137,163.37483882904053,383.4895634651184
457,136,1490.1028633117676,359.84279572963715
458,136,162.41641759872437,372.0737814903259
459,136,166.9182586669922,362.39800214767456
459,137,183.85751724243164,381.5381598472595
460,137,77.0907872915268,378.53758066892624
461,137,74.8548173904419,370.00109910964966
462,138,632.1024055480957,350.9047214984894
463,138,1375.2180862426758,346.0014867782593
464,139,160.87872862815857,371.5137241780758
465,139,914.2949695587158,323.6245186328888
466,139,275.6795597076416,361.29023909568787
467,139,271.3418769836426,361.9678294658661
468,139,258.2968997955322,360.1931941509247
469,139,177.50779151916504,369.7776362299919
470,139,240.95284223556519,365.54391145706177
471,139,671.8232917785645,324.5544760567801
472,139,148.31545114517212,369.7745543718338
473,139,39.3510639667511,365.3684949874878
474,140,441.1685800552368,328.29838156700134
475,141,30.470720529556274,365.51281929016113
476,142,833.1675910949707,212.8152447938919
476,143,777.9078197479248,151.596739590168
476,144,706.6746940612793,184.55383944511414
476,145,772.8252410888672,151.86014592647552
476,146,904.1537475585938,192.11947090923786
476,147,1415.7884330749512,319.68890047073364
476,148,1151.2324080747717,264.7726284931688
476,149,939.0210618291583,254.72882352769375
476,150,662.9437698636737,238.46236473747663
476,151,769.0824523568153,244.32420652359724
476,152,884.522083722628,210.51334294562156
476,153,806.3233055387225,263.4884107538632
476,154,737.1412246877497,233.7093254246495
476,155,825.8522264580978,193.06388838510765
476,156,892.5204159663274,175.22258093723883
476,157,791.2120020389557,156.62748780101538
476,158,787.9003491608993,174.0089108892109
476,159,782.8211503870347,158.26192028382246
476,160,789.8593535790077,163.2722289287127
477,143,612.4700427055359,303.20701494812965
478,143,861.1933422088623,247.89680063724518
478,144,840.9892400105795,240.8934786915779
478,145,690.296630859375,192.70033478736877
479,143,459.36492919921875,300.5639863014221
480,143,269.54752922058105,361.65449380874634
480,144,268.654990196228,353.79512786865234
480,145,270.2610969543457,353.3183813095093
480,146,274.8654842376709,359.15263652801514
481,144,142.6321542263031,313.6587131023407
482,144,990.2239608764648,316.0600519180298
483,144,966.9172382354736,315.9257376194
484,144,871.1853790283203,317.1588349342346
484,145,882.3695468902588,322.8679168224335
485,144,859.6894264221191,247.02610462903976
485,145,859.2382090432303,246.82024068066053
485,146,780.0153636932373,219.31140549480915
486,144,762.3921203613281,316.696218252182
487,144,290.17184257507324,325.7211220264435
488,145,570.5367851257324,316.87971353530884
489,145,1073.6450958251953,320.56703209877014
490,145,165.91744422912598,314.907968044281
491,145,144.10377502441406,371.85890436172485
492,145,538.1665420532227,317.8943610191345
493,145,381.75307273864746,324.35213327407837
494,145,352.97736167907715,326.8288207054138
495,145,156.471905708313,361.7327392101288
495,146,139.37461733818054,367.13103890419006
495,147,141.03655815124512,370.7647240161896
495,148,142.8903865814209,372.4558997154236
496,145,138.36573600769043,364.87040877342224
497,145,752.6801490783691,197.28773295879364
498,146,856.5867932637533,245.8063307404518
498,147,933.7088421412876,239.28910527910506
498,148,1121.634178161621,280.4023629426956
498,149,946.3615837097168,249.5332624912262
499,146,289.3334770202637,326.98466777801514
500,146,265.85416316986084,360.92167139053345
500,147,253.9287829399109,362.94034481048584
501,146,386.9209957122803,351.54844522476196
502,146,245.1684057712555,361.44690692424774
503,146,356.23595237731934,351.4561343193054
504,146,155.03730297088623,358.3718454837799
504,147,166.1765956878662,369.1975951194763
505,146,165.47714710235596,364.42018389701843
505,147,159.3142318725586,363.05626451969147
505,148,152.1239161491394,361.9714826345444
506,146,640.6541633605957,327.30939745903015
507,147,561.437816619873,327.699111700058
508,147,52.3503452539444,360.5008006095886
509,148,859.6405792236328,321.8332815170288
509,149,1252.7833843231201,289.8920398950577
509,150,856.1348342895508,247.68137365579605
509,151,931.3133478164673,219.3223187327385
510,148,1794.6688842773438,328.2631802558899
511,148,781.1763381958008,325.51013946533203
512,148,1780.850601196289,328.834490776062
513,148,1758.4120559692383,325.08328199386597
514,148,283.66722106933594,316.7284047603607
515,148,270.2464199066162,316.7382860183716
516,148,1444.764175415039,322.92739748954773
517,148,646.2748146057129,322.9435873031616
518,148,188.46211910247803,315.7209026813507
519,148,1351.216163635254,324.7994613647461
520,148,164.03135776519775,320.4349708557129
521,148,1507.8266525268555,315.3141939640045
522,148,1210.8090591430664,325.84877371788025
523,148,1383.9300727844238,316.56901717185974
524,149,1293.9725875854492,313.2408678531647
525,149,890.1831364631653,321.45809948444366
525,150,834.6722602844238,324.495250582695
526,149,1188.4067916870117,308.38231444358826
527,149,1487.1148681640625,353.73931646347046
528,149,762.4202346801758,321.60889863967896
528,150,725.5723285675049,305.28053283691406
529,149,998.486852645874,304.61230874061584
530,149,657.5546073913574,321.6752350330353
530,150,586.3145599365234,305.5423572063446
531,149,1371.5327453613281,348.62053513526917
532,149,850.3949928283691,302.4138307571411
533,149,560.4672384262085,323.42007637023926
533,150,542.4127650260925,328.0608558654785
534,149,779.3252563476562,307.1799874305725
535,150,479.4898295402527,321.3026386499405
536,150,676.1079025268555,307.20364451408386
537,150,882.736930847168,324.3265771865845
538,150,436.5518569946289,305.4108667373657
539,150,776.3768577575684,330.07296323776245
540,150,641.8642044067383,328.0256116390228
541,150,583.0963897705078,326.72659635543823
542,151,468.63123893737793,329.775173664093
543,151,180.95460891723633,373.90684336423874
543,152,181.95867538452148,376.28032636642456
543,153,197.6016954275278,375.0764237000392
544,152,1802.0169067382812,378.4749376773834
545,152,270.2249336242676,365.114627122879
545,153,270.7458215601304,365.02029566203845
545,155,282.8059959411621,360.66981840133667
545,156,213.02052265405655,558.4556472301483
545,157,236.62948758978592,549.895565760763
545,158,221.5036188001218,481.0989384288373
545,159,339.1479035346739,430.92902607494784
545,160,573.651876449585,467.8958956897259
545,161,581.0296303292979,379.8940947003986
545,162,567.0112419128418,348.99110209196806
545,163,289.72353637218475,252.70760787650943
545,164,303.70262145996094,261.61499433792557
545,165,287.6125212276683,255.3131136122872
545,166,286.73877000808716,253.91261257231236
545,167,285.0773677825928,255.02674627304077
545,168,281.11993432044983,255.47864444553852
545,169,284.2494764328003,254.19399762153625
545,170,287.28458404541016,255.6330692768097
546,152,875.892162322998,210.48099875450134
546,153,605.1077771186829,250.52031487226486
546,154,678.9366245269775,189.171060025692
547,152,681.3140487670898,190.0666093826294
547,153,1059.0327072143555,322.48364210128784
548,152,189.74332809448242,374.9435305595398
549,153,867.2921562194824,250.16556322574615
549,154,861.1429023742676,248.11944276094437
550,153,1793.4632873535156,367.23997950553894
551,153,699.1793155670166,316.8982422351837
551,154,571.4357686042786,318.6740469932556
552,154,479.97111797332764,319.50761318206787
553,155,1787.3741340637207,364.12261962890625
554,155,724.8478832244873,149.26201759278774
554,156,867.7893916043369,143.1990506432273
554,157,872.025032043457,143.05127799510956
554,158,814.4720209561862,166.7637012555049
554,159,818.7784127628101,182.7835379014997
554,160,729.9149169921875,185.89201605319977
554,161,773.23486328125,196.71534821391106
554,162,769.4221687316895,197.32775343315942
554,163,769.9785053730011,197.4242701381445
554,164,765.6475818157196,198.2088192924857
554,165,755.8390684688793,202.31408883543577
554,166,748.2572297488941,207.71655542009017
554,167,744.5122528076172,210.04216361045837
554,168,987.744686126709,199.2981344461441
554,169,795.7598733901978,204.10047235898674
554,170,746.527271270752,189.62857552937098
554,171,750.733447441688,195.10653572586867
554,172,726.6531659960747,248.91368578746915
554,173,995.9483796358109,352.2441196348518
554,174,807.7882023515373,254.5524698341715
554,175,714.6462472279867,237.62485228478909
554,176,717.2224181038993,231.25627839139528
554,177,706.5548185868697,199.89424247633326
554,178,735.5102621990701,221.02722949955773
555,155,724.4374351501465,169.3445234298706
555,156,810.41716893514,174.85647797584534
555,157,789.2614459991455,149.94321405887604
556,155,1088.7186126708984,147.6720632314682
557,155,871.1644134521484,145.70121011137962
558,155,784.4292150224958,155.75865166527885
558,156,782.7164840698242,155.5036586523056
559,155,1787.1675109863281,322.70466685295105
560,155,1177.108497619629,159.80128169059753
560,156,1096.5573835372925,180.81128038465977
560,157,1072.253532409668,187.4383932352066
560,158,894.5275497436523,225.46707417815924
560,159,858.0801200866699,250.4050026834011
560,160,776.0279846191406,221.3126800954342
561,156,553.7813758850098,144.24900233745575
562,156,693.8988876342773,159.4588816165924
563,156,38.51019814610481,387.7184522151947
563,157,290.92711448669434,569.6523919701576
563,158,345.7964503765106,499.6928679943085
563,159,231.33703708648682,365.35919308662415
564,156,54.23214673995972,385.22789239883423
564,157,164.82454776763916,639.1465473175049
565,156,76.81637898087502,380.9621500968933
566,156,46.29955440759659,650.8535528182983
566,157,81.9086343050003,563.4864735603333
567,157,137.46818227427346,454.21226058687483
567,158,286.06587409973145,616.6425776481628
568,158,844.1075706481934,161.58057868480682
568,159,873.9851760864258,144.79921258985996
569,160,572.850751876831,304.48592841625214
570,161,759.2570209503174,507.90207982063293
571,162,383.4654426574707,264.60280269384384
572,162,292.0705819129944,254.1227998584509
573,162,447.12782859802246,249.65019017457962
573,163,448.8171730041504,250.06258088350296
573,164,231.04811668395996,361.1494553089142
574,162,853.4633731842041,255.75144723057747
574,163,855.0442600250244,258.6223067343235
575,162,394.4340419769287,254.66225177049637
576,163,443.13340187072754,253.93239855766296
577,163,372.4882507324219,250.17009669542313
578,163,991.1889553070068,318.0518174171448
579,163,382.412166595459,248.669952750206
580,164,859.02099609375,249.65876653790474
581,166,341.21598720550537,891.9098997116089
581,167,882.005926767985,214.8747056722641
581,168,878.9797782897949,214.81585539304294
582,166,514.6490335464478,904.950520992279
583,167,1148.0374603271484,929.314439535141
584,167,381.6910457611084,253.37653756141663
585,167,704.507246017456,202.9772313684225
585,168,702.9753971099854,203.93853843212128
585,169,694.4154357910156,203.7993773818016
585,170,678.8387775421143,207.88408918306231
585,171,700.0245911734445,190.8509692975453
585,172,752.4647226333618,212.0401293039322
585,173,909.0663732801165,339.1807139345578
585,174,763.7429523468018,265.67049354314804
585,175,721.3716697692871,243.55955600738525
586,167,856.9572194417318,245.9428945183754
586,168,858.3974189758301,245.34199011325836
586,169,864.7991057804653,248.04700070193834
586,170,803.5997581481934,223.17371875047684
586,171,741.2758712768555,188.6074992120266
586,172,803.3816289901733,229.73005414009094
586,173,758.1325476510184,220.0186916547162
586,174,764.8237266540527,227.34683002531528
586,175,733.7628977639334,208.63191891993796
586,176,825.1898002624512,231.13723410027367
586,177,710.9074445871206,192.13809188741905
586,178,683.0229377746582,251.72899067401886
587,167,1581.7849731445312,935.1283979415894
588,167,759.287531375885,243.0490679293871
588,168,762.6223640441895,242.22729206085205
588,169,769.4672364455002,246.19406750568976
588,170,770.3572146097819,247.35596895217896
588,171,767.4549751281738,248.51579064130783
589,168,449.6892547607422,246.39258563518524
589,169,450.9071159362793,242.3618718981743
590,168,1779.8248672485352,268.7909138202667
590,169,1778.3320140838623,269.7641372680664
591,169,1183.9867401123047,275.3297558426857
592,169,694.7093336922782,245.75865319796972
592,170,695.6933732466264,246.1323991688815
592,171,689.9201202392578,250.18614951521158
593,169,1197.9120254516602,270.566064119339
593,170,1199.1814613342285,269.7931324839592
594,170,692.0062637329102,198.75419050455093
594,171,691.5064430236816,199.2742359638214
594,172,685.4087448120117,198.66909742355347
595,170,859.0710639953613,249.82939928770065
595,171,859.456901550293,249.98903632164001
596,171,1188.0076217651367,270.2138149738312
596,172,664.7875615954399,323.09379821643233
596,173,181.4599947631359,358.31467788666487
596,174,202.09351268681613,313.94356735728
597,171,688.7303924560547,251.2397637963295
598,172,1287.3193359375,270.0001046061516
598,173,70.17015427350998,379.2618656158447
599,172,1186.468505859375,273.6688435077667
600,172,774.7933578491211,246.83074593544006
600,173,775.7064127922058,247.08372719585896
601,172,747.681051492691,377.72239699959755
601,173,878.8476848602295,216.41190201044083
602,173,814.6641826629639,894.2271535737174
603,174,1049.9899578094482,346.4829969406128
603,175,685.4821586608887,258.4340116381645
604,174,855.263500213623,254.94568079710007
604,175,772.8323650360107,204.20275881886482
604,176,773.1018090248108,205.31548462808132
604,177,768.5258050398393,202.7404573559761
604,178,794.0693092346191,215.78461915254593
605,174,959.3836498260498,343.3381175994873
606,174,843.6597633361816,348.73471677303314
606,175,727.3331451416016,349.0228021144867
607,175,553.1928849220276,350.5801624059677
607,176,775.7466888427734,250.3798046708107
607,177,760.723503112793,180.36134719848633
607,178,559.2474174499512,142.94775411486626
608,175,447.52580165863037,351.7277240753174
609,176,286.0802364349365,258.46245324611664
609,177,285.6022548675537,257.9661324620247
610,176,360.46448707580566,325.6968855857849
611,177,271.44518852233887,358.86566162109375
611,178,264.7337951660156,359.89821767807007
612,178,537.4139450490475,778.1399897485971
612,179,1264.0103870630264,790.6450637429953
612,180,1726.56343460083,808.4381121397018
613,178,236.552394926548,368.0802284181118
613,179,243.7719440460205,371.4884376525879
614,178,858.7636184692383,154.71230506896973
615,178,200.3755509853363,377.7631974220276
615,179,198.93609523773193,377.7639698982239
616,179,161.60739118402654,379.6461315588518
616,180,137.85672324044364,387.64703495161876
617,180,710.6935453414917,220.03363586962223
617,181,761.4872624323918,171.64307376513113
617,182,776.5737637606534,154.89412665367126
617,183,780.5280780792236,152.73084864020348
617,184,779.2442321777344,154.48199450969696
617,185,654.9759908822866,215.85268990351602
617,186,619.6553012302944,176.38014684830392
617,187,553.3166599273682,141.84722347185016
617,188,550.8321976661682,141.82371927425265
617,189,855.6265552227313,213.6724668282729
617,190,1073.606275320053,370.17679519951344
617,191,604.8799824714661,236.99277609586716
618,180,845.1932716369629,249.11710381507874
619,180,268.4906816482544,363.38801085948944
620,180,678.4317684173584,253.6676685512066
621,180,85.01826703548431,413.77655267715454
621,181,58.42430457472801,418.5675325244665
621,182,33.230201814855846,422.6995861530304
621,183,1608.0696487426758,213.75148594379425
622,180,242.3452663421631,367.7139741182327
622,181,241.4520025253296,370.9088659286499
623,181,195.85669994354248,375.67824125289917
624,181,175.73902130126953,371.1344504356384
625,181,162.738618850708,375.335835814476
626,181,150.4157280921936,373.650067448616
627,181,130.70757865905762,378.61910104751587
628,182,569.5176315307617,158.337518040623
628,183,704.1083765029907,216.48595260456204
628,184,640.8157825469971,216.59689839184284
628,185,674.1460037231445,247.38806203007698
628,186,672.4756679534912,248.20685970783234
628,187,765.4125175476074,166.44341450929642
628,188,779.0705394744873,152.94430707182204
628,189,780.4514122009277,154.43183183670044
629,183,793.1565856933594,203.37890088558197
630,184,679.0113067626953,248.40414583683014
631,184,169.21175479888916,269.3635218590498
632,184,287.3137664794922,263.9085826277733
633,185,275.54643630981445,267.1083842217922
633,186,275.9571075439453,265.80928444862366
634,185,268.0418014526367,266.04044795036316
635,187,668.605785369873,249.7250358760357
635,188,666.9504547119141,254.08624559640884
635,189,667.907844543457,253.985644698143
635,190,881.1718225479126,422.43339970707893
636,188,283.4266233444214,260.7722669094801
637,188,278.3912658691406,260.7460168004036
637,189,270.14233369093677,261.27079491431897
637,190,276.7882792154948,261.0544028878212
638,189,271.69692039489746,260.68136751651764
639,190,941.208610534668,269.8932373523712
640,190,1163.7110137939453,319.9578380584717
641,190,772.684063911438,270.8289594948292
641,191,678.7320041656494,257.610125541687
642,190,451.81946754455566,253.8971784710884
643,190,949.3561220169067,321.0533219575882
644,190,851.1675453186035,320.5067789554596
645,190,783.9929008483887,323.2832193374634
646,191,733.3404350280762,321.8818509578705
647,191,661.380500793457,316.8484604358673
647,192,776.5858840942383,210.55208265781403
648,191,854.7085189819336,247.67948538064957
649,191,552.712230682373,320.8219814300537
650,191,452.4787902832031,315.2920174598694
651,191,374.1042709350586,323.8977885246277
652,192,684.8676490783691,252.94265538454056
652,193,682.2126846313477,253.02231135964394
652,194,683.3469371795654,251.5395473241806
652,195,689.6816126505533,242.00610280036926
652,196,681.5259869893392,240.0318655371666
652,197,709.3569746017456,229.01331102848053
652,198,715.9189224243164,213.58539551496506
652,199,718.5361330849784,246.3319713515895
652,200,690.2291679382324,251.1362037062645
652,201,624.0162893442007,243.12353404668661
652,202,759.87663230896,221.2611894071102
652,203,717.1364675249372,218.8885750727994
652,204,771.517265026386,262.2549682740982
652,205,929.3615227479202,260.59216487866183
652,206,854.3267822265625,274.4055014848709
652,207,1056.7268163507636,258.21701678362757
652,208,998.9249710414721,322.44888347128165
652,209,1143.6159019470215,359.05280685424805
652,210,1097.2549042334924,282.04769535706595
652,211,1135.7897090911865,282.7887382507324
652,212,1151.128129417246,306.6338687051426
652,213,1028.5234047384822,251.52777553481215
652,214,935.1005744934082,211.9816060979729
652,215,826.6979549242103,218.36663028468257
652,216,830.1600439652153,252.4891303414884
652,217,918.580361366272,253.90707067251205
652,218,859.5202556023231,275.5654848768161
652,219,966.9674609689151,280.1912439044784
652,220,994.9982171900132,301.79062525139136
652,221,834.6221229008266,264.17209788092543
652,222,906.8057441711426,371.61874596889203
652,223,1001.2379169464111,359.93504762649536
652,224,1189.1799080371857,364.27787496493414
652,225,1224.0026142286217,325.936633789021
652,226,1229.4647725423176,294.26829278469086
652,227,1187.573999103747,235.906580968907
652,228,1155.6689643859863,197.40889332124166
652,229,1192.189811706543,228.24841475486755
652,230,1256.3015627861023,315.91358218342066
652,231,1192.4304008483887,246.13858258724213
652,232,1180.4993752872242,166.81101753431207
652,233,1180.813461303711,165.94618928432465
652,234,1178.472312927246,164.39936363697052
652,235,1176.5583724975586,162.0535615682602
652,236,1175.9511150013316,159.31247104297984
652,237,1055.5118007659912,178.7047832608223
652,238,994.7292995452881,203.76198413116592
652,239,1025.5886276908543,180.27842250855073
652,240,1017.7270590740701,177.73530527301457
652,241,1351.791409083775,222.67802545002527
652,242,1448.5422897338867,285.77412754297256
652,243,932.1147757310134,231.89177533754935
652,244,1524.9044065475464,326.10491475462914
652,245,1181.369280187707,422.7380625825179
652,246,1051.593142918178,454.74298698561535
652,247,1188.512933254242,476.50294214487076
653,193,780.1131820678711,246.63142561912537
654,193,863.7092781066895,248.4807550907135
655,193,283.99641036987305,259.91751194000244
655,194,283.6617769513811,259.3118549670492
656,195,855.5100274085999,249.50762271881104
657,195,785.6965827941895,248.90392086722633
658,196,790.425968170166,247.08357632160187
658,197,790.036096572876,247.07015454769135
658,198,790.624454498291,247.03092402219772
659,197,595.2746629714966,237.6428148150444
659,198,556.6429398276589,246.76526272838765
659,199,553.9506683349609,244.86353766918182
660,197,571.032886505127,219.179949760437
660,198,565.7332420349121,219.39894676208496
661,198,683.0139287312826,250.65781027078629
662,199,784.5743560791016,257.33318746089935
663,199,850.4648208618164,258.29110354185104
664,199,564.1464042663574,255.48744946718216
664,200,558.4904479980469,254.9661286175251
665,200,779.0805244445801,265.63283801078796
666,200,463.75020027160645,241.3176691532135
667,200,549.96262550354,248.0053697526455
668,200,863.0815315246582,204.63829457759857
668,201,682.6644515991211,258.55342358350754
668,202,796.3139915466309,252.24097475409508
669,201,853.2134628295898,266.18278071284294
669,202,885.3787422180176,287.32783913612366
669,203,826.1112823486328,311.3739559650421
670,201,755.8526802062988,258.0563995242119
671,201,707.5181007385254,363.2468730211258
671,202,666.20026871562,363.5234369337559
672,202,468.4050750732422,356.7035248875618
673,202,449.4126033782959,363.5598063468933
674,202,43.96446570754051,410.7049459218979
675,202,758.4133529663086,259.5272344350815
675,203,762.7386856079102,258.59704434871674
675,204,759.7601509094238,259.24153089523315
676,202,642.1059322357178,425.5264413356781
677,202,481.0966157913208,248.76380860805511
678,202,391.07311248779297,405.62509417533875
679,202,79.33261394500732,383.9215385913849
679,203,117.12875843048096,430.68559527397156
679,204,84.25324469804764,409.7052678465843
679,205,79.34853941202164,382.5354427099228
680,203,359.73742961883545,417.1368885040283
680,204,102.03077852725983,462.9634514451027
681,203,652.4396667480469,292.0863786935806
681,204,648.8965579441616,290.05199860249246
681,205,694.8261004686356,267.2246117144823
681,206,525.5627346038818,313.6386367678642
681,207,1274.3836402893066,365.84873646497726
681,208,990.4989767074585,283.952996134758
681,209,1255.9519271850586,251.52345728874207
681,210,1187.5683403015137,262.4441608786583
681,211,1218.861888885498,256.6720883846283
681,212,1228.4548275287334,307.9441570318662
681,213,1085.771255493164,225.45624241232872
681,214,1016.9129741191864,205.01640859991312
681,215,1026.3782589252178,215.32616505256067
681,216,954.2169284820557,232.80325144529343
681,217,1031.2606266566686,291.43781802483966
681,218,877.5980215072632,253.89445066452026
681,219,1071.9611167907715,213.21742326021194
681,220,1183.421745300293,400.0273534655571
682,203,336.6555690765381,422.1392834186554
683,203,144.0274429321289,381.018288731575
683,204,378.02699089050293,603.3612656593323
683,205,76.50312781333923,382.41636872291565
684,203,572.1984100341797,488.0182260274887
685,203,227.6305854320526,485.5452400445938
686,203,167.50024795532227,376.61455750465393
686,204,59.05971944332123,589.9642109870911
686,205,137.69080996513367,381.7374587059021
687,204,160.62036037445068,527.6299041509628
688,204,197.1489143371582,370.9819829463959
689,204,119.28088188171387,549.3464550375938
690,204,811.5730018615723,363.00303769111633
690,205,504.9238669872284,262.03223794698715
690,206,571.2293100357056,420.1283347606659
690,207,744.4715309143066,199.0760314464569
691,204,649.7369956970215,312.5488793849945
691,205,640.9911346435547,312.25982308387756
692,204,663.3883666992188,263.14322769641876
693,204,758.2414054870605,264.1318041086197
694,205,775.8949327468872,419.5843666791916
695,205,657.7162742614746,313.2656192779541
696,205,650.7105731964111,364.10465955734253
697,205,1476.5620040893555,679.2289817333221
697,206,1324.9718944842998,521.305507834141
697,207,1215.407054901123,382.1281578540802
697,208,1148.2389613560267,298.53369470153535
697,209,1140.183277130127,290.9636561572552
697,210,1122.1427536010742,253.85807991027832
698,205,538.1381607055664,366.646910905838
699,205,771.5386962890625,307.6844787597656
700,205,162.85422325134277,377.69453287124634
701,206,188.48949193954468,373.91295075416565
702,206,667.9032135009766,381.62954807281494
703,206,725.9763622283936,480.8935010433197
704,206,472.6898789405823,413.7117666006088
705,206,741.8271446228027,355.31774282455444
706,206,539.9434280395508,465.9839379787445
707,206,240.61578512191772,364.47033047676086
708,206,262.35426664352417,359.5801055431366
709,207,1709.906536102295,487.0022572875023
709,208,1608.9265719327059,395.69914519786835
709,209,1492.3741149902344,330.09899944067
710,208,440.94868183135986,540.0326672941446
710,209,279.36596417427063,666.5312324166298
710,210,766.3898420333862,383.30125629901886
711,208,507.8131341934204,260.6237080693245
711,209,920.5721855163574,278.4403485059738
712,208,1282.7740859985352,183.98025333881378
712,209,891.8914318084717,386.6134411096573
713,209,1231.5241305033367,345.0039231777191
713,210,1375.184809366862,424.267555475235
713,211,1176.9858741760254,249.75382938981056
713,212,1180.1378631591797,259.678438603878
713,213,1140.6255542530732,251.38955175876617
714,209,289.16279911994934,258.58996633440256
714,210,293.1492805480957,257.8523434996605
714,211,289.5777130126953,256.1809507012367
715,209,371.71842098236084,258.1786921620369
716,209,365.8074474334717,257.33192950487137
717,210,1203.4004745483398,351.8759880065918
717,211,1220.1229095458984,227.35931128263474
717,212,1274.809799194336,344.9505490064621
717,213,1177.6315212249756,160.1685257256031
717,214,890.3429985046387,220.47610580921173
717,215,956.8818426132202,267.3975860327482
717,216,890.3878048488071,225.81538004534585
717,217,1009.782772064209,214.7800500690937
718,210,565.1859426498413,356.7759311199188
719,210,290.21281242370605,254.0896014869213
719,211,279.51404571533203,258.24418768286705
720,211,1246.252727508545,311.62360042333603
720,212,1070.059471130371,207.42484152317047
721,211,498.79008813337845,426.32522000507873
721,212,368.04343566298485,529.8567956127226
721,213,252.02970802783966,696.6699501872063
722,211,1238.3489227294922,509.2290222644806
723,211,1737.7451578776042,523.9002496004105
723,212,1659.8333006638748,415.900847361638
723,213,1590.256004333496,369.89991277456284
724,212,1179.7866439819336,396.3559844664165
724,213,1148.4576797485352,355.8225667476654
725,212,1275.1375007629395,257.7301812171936
726,213,1135.6095886230469,318.5863468050957
727,213,545.725212097168,260.46404242515564
727,214,546.3769404093424,258.2818481326103
728,213,1640.9058068015358,509.2734754898331
728,214,1477.7617703951323,394.81216302284827
729,213,1240.1126861572266,199.06280279159546
730,214,1179.7729110717773,289.0287199616432
730,215,1283.342170715332,182.4681794643402
730,216,827.229151725769,322.99255907535553
731,214,1189.8292922973633,200.05204439163208
731,215,1185.4774475097656,199.53885734081268
732,214,1192.2698593139648,194.20203253626823
732,215,1183.362636566162,189.51351642608643
733,214,292.31005668640137,257.5826060771942
734,215,286.8285799026489,253.82951840758324
734,216,263.7515691193667,268.35046340118754
734,217,284.648380279541,254.61045563220978
735,216,1623.2460522651672,573.4084146469831
735,217,1540.0654220581055,495.3559935092926
736,216,717.5848960876465,415.65959215164185
736,217,1113.3727645874023,192.4033284187317
737,216,646.9470977783203,289.8978924751282
737,217,1073.387222290039,209.2215996980667
738,217,1091.9506072998047,262.67470479011536
739,217,1193.360252380371,251.67967289686203
739,218,1179.4362258911133,240.73510140180588
740,217,1192.946662902832,464.18960452079773
740,218,1069.0037155151367,244.6084177494049
740,219,987.3626461029053,283.3945103287697
740,220,1126.6169489347017,378.4683945316535
740,221,1078.9802169799805,274.187231361866
741,218,1171.9381713867188,425.38941264152527
742,218,552.7341842651367,268.0932953953743
743,218,1134.7621994018555,373.0682029724121
744,218,1236.0254287719727,533.552109003067
744,219,1072.694435119629,208.3889079093933
744,220,1068.6196517944336,204.58425343036652
745,219,1107.205696105957,311.6820538043976
746,219,1221.1119111378987,294.64757055044174
746,220,1221.9103860855103,302.59408459067345
746,221,287.4392890930176,255.14487504959106
747,219,1156.691780090332,415.6378662586212
748,219,1079.776725769043,261.6627448797226
749,219,1159.1320610046387,203.65445762872696
750,219,1128.402099609375,371.82703971862793
751,220,590.3227615356445,261.71578019857407
752,220,1094.0512466430664,311.7107605934143
753,220,1192.657127380371,391.6583061218262
753,221,1182.8438758850098,386.3260477781296
754,221,404.3254566192627,252.76399612426758
755,221,1067.9280281066895,260.44278770685196
755,222,651.8729209899902,347.8981411457062
755,223,1379.7920951843262,412.5162545442581
755,224,1292.4865930730646,352.8653613274748
755,225,1313.575201034546,290.31402848660946
755,226,1265.6875501360212,288.00116223948345
755,227,1225.4347686767578,253.48091840744019
755,228,1140.032782121138,219.7416365146637
755,229,1088.4215927124023,210.2606177330017
756,221,277.47199058532715,263.99279057979584
757,221,1159.965476989746,244.41549986600876
758,222,1226.6772079467773,406.326541185379
758,223,1196.7925643920898,363.2469964027405
758,224,1152.209243774414,255.5122572183609
758,225,1187.1826171875,186.98143601417542
758,226,1241.3207626342773,278.4224943816662
759,222,637.4108695983887,355.6304669380188
759,223,623.1083106994629,364.93133783340454
759,224,1289.2155075073242,316.2477448582649
760,223,556.4599514007568,414.0989327430725
761,223,531.3405990600586,441.80981040000916
762,223,772.8005790710449,263.08346539735794
762,224,778.4439182281494,264.5887479186058
763,224,283.7082099914551,259.27726060152054
764,224,803.345832824707,264.05445992946625
765,225,856.1061859130859,266.7812968790531
766,225,870.9589004516602,266.2717804312706
767,225,1328.2010650634766,453.9430457353592
768,226,1210.1578559875488,364.07952189445496
769,226,1192.6178455352783,253.91305848956108
769,227,1164.8209190368652,253.44701394438744
770,226,1175.8706665039062,316.31874561309814
770,227,1153.3062028884888,308.73817652463913
771,227,1171.5692710876465,201.30131006240845
772,227,1170.2911376953125,195.19675254821777
772,228,1159.6603775024414,188.29506397247314
773,227,510.44254302978516,376.2497556209564
773,228,497.0704758167267,384.0366134047508
774,228,1171.6860275268555,164.17639696598053
774,229,1133.0317497253418,188.19400638341904
775,228,1156.1403465270996,226.38852462172508
776,228,471.875581741333,386.3133502006531
777,228,1179.5288372039795,222.73484498262405
777,229,1081.944694519043,150.04856050014496
777,230,1086.5187345232282,153.64821680954523
777,231,1136.9426679611206,213.02406784147024
777,232,1145.1460647583008,224.1628657332782
777,233,1084.7121238708496,161.21640980243683
777,234,1086.4450028363397,158.25167929424958
777,235,1038.822637285505,159.87577353205
777,236,1086.1111450195312,152.123498412279
777,237,1112.1673011779785,201.84722274541855
778,228,1132.467788696289,205.51931762695312
778,229,1126.9562530517578,202.60423734784126
779,228,1180.8020973205566,254.96191084384918
779,229,1172.340087890625,247.31957986950874
780,228,1166.0025787353516,166.57372534275055
781,228,453.1179618835449,413.0953252315521
782,228,431.2101459503174,429.58020865917206
783,228,364.8079776763916,472.4170231819153
783,229,263.75689029693604,428.4170365333557
783,230,151.55747079849243,381.44188356399536
783,231,132.3445725440979,382.94812202453613
784,229,344.8215579986572,491.1884844303131
785,229,1080.9621047973633,209.93752151727676
786,229,278.9091396331787,537.5323086977005
787,229,1070.0522375106812,208.4005131572485
787,230,1079.9327711625533,200.05943607200277
787,231,1100.7869720458984,192.2717472910881
787,232,935.2776554652622,164.64565924235754
787,233,931.0782051086426,178.66835698485374
787,234,984.8459930419922,192.2986342906952
787,235,852.000732421875,174.8191909790039
788,229,1146.4106369018555,200.29406145215034
788,230,1145.231695175171,196.48783653974533
788,231,1162.2845764160156,187.79626643657684
788,232,1176.847915649414,185.24861097335815
789,230,244.28605715433756,441.9115340709686
789,231,274.24669593572617,434.86465997993946
789,232,289.4627380371094,430.1730787754059
790,230,1167.2894096374512,158.98280829191208
790,231,1175.4165703909737,161.8673152582986
791,230,1082.3738479614258,197.81176149845123
792,230,1159.9858474731445,158.92848014831543
793,230,1272.5144577026367,182.1439003944397
794,230,138.22331428527832,379.6784555912018
795,231,1095.2447891235352,191.33110463619232
796,231,18.761593401432037,427.5729775428772
797,231,24.94174063205719,416.08216881752014
798,231,45.566177889704704,410.39194017648697
798,232,62.445024847984314,397.7946143883925
798,233,53.9859056685652,389.1128591128758
798,234,38.207001984119415,389.3383240699768
799,231,1083.6613655090332,161.61652028560638
799,232,1123.372220993042,200.32522603869438
799,233,1089.7045516967773,161.16048574447632
800,231,68.3279299736023,390.00163435935974
801,232,325.05727767944336,411.4837574958801
801,233,340.63018798828125,409.62422919273376
802,233,358.5585594177246,385.429151058197
802,234,370.4176072513356,380.836919966866
802,235,388.90225768089294,378.51132452487946
803,233,161.84519290924072,389.3419075012207
804,233,147.804536819458,389.8580503463745
804,234,157.99222029172458,385.00517414166376
804,235,170.9313154220581,380.06545873788684
804,236,696.9012403488159,355.33744633197784
804,237,412.24471728007,345.99743843078613
804,238,359.408842921257,284.00664601475
804,239,294.3398094177246,255.6132785975933
804,240,291.8057996034622,256.53522089123726
804,241,287.7304153442383,265.29342913627625
805,234,141.7564558982849,390.0209140777588
806,236,197.08893169056284,376.5053428303112
806,237,867.7898025512695,297.1391487121582
806,238,265.0676155090332,364.3308663368225
807,236,433.8024534497942,358.7676123210362
807,237,442.34350204467773,355.9263446331024
808,237,1231.82035446167,426.1492073535919
808,238,1088.9030293055944,156.5663697889873
808,239,1090.578203201294,153.0560477077961
808,240,1088.0065536499023,147.92694926261902
808,241,1169.1986846923828,259.44011628627777
808,242,1666.611557006836,331.3961184024811
809,237,1175.732263837542,163.14637490681238
810,237,1196.8620071411133,366.66372513771057
810,238,1190.6293487548828,352.5767719745636
811,238,524.430685043335,330.84182247519493
812,238,1149.3847846984863,303.2596807926893
812,239,776.4084625244141,147.90556401014328
812,240,776.8367385864258,148.74819338321686
813,238,484.68757152557373,326.4622163772583
813,239,491.7852985858917,321.05484277009964
813,240,498.8495870070024,311.38671138069844
814,239,1139.3254852294922,266.1629256606102
815,239,1174.4842529296875,161.07663989067078
815,240,1176.2459335327148,158.8712396621704
815,241,1176.06276512146,157.69603863358498
816,240,1085.2139282226562,145.72338581085205
817,240,367.98009395599365,307.1792149543762
818,240,363.89482498168945,304.1608929634094
819,241,530.4593658447266,301.3728305697441
819,242,540.1243858337402,297.52310156822205
819,243,550.5838298797607,294.8137405514717
819,244,554.8158645629883,292.687312066555
820,241,1186.4087677001953,296.15301847457886
821,241,1261.2579345703125,358.58174443244934
822,242,290.2819283803304,260.56070029735565
822,243,292.97275951930453,258.2751286881311
822,244,722.6462960243225,292.9875598847866
822,245,352.60059356689453,326.3313138484955
823,242,375.49281120300293,302.8051972389221
824,242,1178.3476638793945,263.82691472768784
825,242,1565.7111511230469,329.10119462013245
826,242,1187.9306888580322,261.6549175232649
826,243,1203.302936553955,263.2012479007244
827,242,1465.1522827148438,351.7125642299652
828,243,1201.0374069213867,260.6075745820999
829,243,622.586100101471,356.06352031230927
829,244,1003.762149810791,237.13473469018936
830,243,1348.9982986450195,324.7847843170166
831,243,1259.5685577392578,321.1646631360054
832,243,1159.405288696289,322.2612816095352
833,243,1063.9322662353516,322.6616442203522
833,244,1029.609146118164,320.34822821617126
834,244,905.929209391276,320.7291269302368
835,244,1180.7972145080566,304.85559046268463
836,244,786.8082046508789,313.5653078556061
837,244,1147.3138046264648,307.64842987060547
838,244,773.1894493103027,308.75359386205673
839,244,666.9476318359375,278.7756273150444
839,245,294.14850425720215,257.7544224858284
840,244,578.5558319091797,307.3036479949951
841,244,714.1320092337472,316.3314393588475
841,245,632.665843963623,315.7566297054291
842,244,557.6689338684082,310.96235275268555
843,244,539.3464851379395,308.5267674922943
844,244,292.4786138534546,258.94396260380745
845,245,1656.02783203125,329.2844420671463
846,245,877.818603515625,305.49508810043335
847,245,567.4209594726562,316.03166341781616
848,245,260.82316160202026,361.64190888404846
849,245,245.85410356521606,357.0465123653412
850,245,1565.5517349243164,327.52795672416687
850,246,1081.223476409912,744.7925355434418
850,247,1598.646469116211,348.6076283454895
851,245,446.2160310745239,318.72049856185913
852,245,1456.1961555480957,328.1043076515198
853,245,1282.0988845825195,337.3900991678238
854,245,370.5165767669678,323.03937435150146
855,245,652.3569488525391,306.1364686489105
856,245,584.2738723754883,297.92983040213585
856,246,592.2132682800293,272.2543430328369
857,246,1367.3345947265625,323.37955355644226
858,246,549.6858501434326,299.7480382025242
859,246,988.4457124982562,327.75948439325606
859,247,1170.7036743164062,696.8355138301849
859,248,616.6595706939697,321.0204498767853
859,249,592.3546409606934,303.8379281759262
860,246,392.90903091430664,305.40570616722107
861,246,472.60029315948486,303.53631377220154
862,246,363.13533782958984,302.2334039211273
863,246,596.3455581665039,271.7060458660126
864,246,1379.8249435424805,268.81559282541275
865,246,290.526065826416,264.4813495874405
866,246,1366.995506286621,294.4142711162567
867,246,1123.8958597183228,932.0617640018463
867,247,1096.3448333740234,732.6145255565643
867,248,755.1197842189243,318.9644060816084
868,247,939.9950351715088,380.3530783653259
868,248,848.8975811004639,322.0870238542557
869,247,1545.366325378418,331.0981357097626
870,247,1455.2905082702637,327.18681514263153
871,247,1246.2397384643555,298.7972688674927
872,247,1203.9649200439453,299.5614007115364
873,247,1186.3718032836914,296.78975611925125
874,247,563.6457967758179,322.96392917633057
875,247,1296.1355209350586,326.1042058467865
876,247,452.44606018066406,344.55076038837433
877,247,1238.54736328125,328.2997441291809
878,247,1189.8257446289062,322.4705100059509
878,248,1140.0248336791992,324.74146127700806
879,247,1087.628517150879,276.9353234767914
880,248,1073.663101196289,321.87017798423767
881,248,941.3990421295166,320.57344365119934
882,248,292.329797744751,255.91523230075836
883,248,772.7065086364746,322.2839891910553
884,249,656.0217475891113,322.2924864292145
885,249,456.47465637751986,327.47886862073625
885,250,1179.0057095614347,159.20004649595782
885,251,1177.980831691197,159.2673443044935
885,252,1179.583067893982,160.91284677386284
885,253,1124.8665755135673,190.89402718203408
885,254,665.0469468769274,173.37408634392838
885,255,1318.6696139248934,238.2665589858185
885,256,1344.3478393554688,310.7974648475647
886,249,547.4233818054199,324.8816657066345
886,250,1097.3962020874023,146.00632801651955
886,251,1093.006233215332,141.67521384358406
887,249,656.3962841033936,262.5671415030956
888,249,790.4146957397461,291.48056745529175
889,249,766.3573694229126,269.28583569824696
890,249,549.8936462402344,297.07316637039185
890,250,551.9634819030762,295.7199892401695
891,249,670.7861137390137,274.18900966644287
892,250,648.8406944274902,269.6860206127167
893,250,553.4352207183838,141.8935353308916
894,250,780.5989036560059,151.5299381017685
894,251,782.0640778541565,151.8575669825077
894,252,782.3146877288818,155.3268871307373
894,253,900.141300201416,206.6319934129715
894,254,749.5008230209351,174.65727353096008
894,255,1620.6916236877441,274.6917226910591
894,256,1774.0258026123047,331.06791257858276
895,251,467.40882396698,268.3844867348671
896,251,869.3618202209473,144.43684682250023
897,252,552.3857116699219,141.36712458729744
897,253,1075.5565881729126,168.68195369839668
897,254,759.3937301635742,254.7154238820076
898,252,784.5657777786255,152.9079294204712
899,253,1178.9482498168945,160.25274574756622
900,253,765.9352684020996,191.02570295333862
901,253,289.8207664489746,258.4374515712261
902,254,742.4756526947021,350.40381252765656
903,254,649.9123001098633,346.72231435775757
904,254,366.15660667419434,355.0621175765991
905,255,1454.0275382995605,258.55486392974854
906,255,1399.350471496582,271.8832406401634
907,255,163.81030082702637,365.77330470085144
908,255,1414.6200942993164,267.6776307821274
909,255,293.795862197876,256.00036293268204
909,256,292.08165168762207,255.11714100837708
909,257,582.8179235458374,292.3253860473633
909,258,1302.0211791992188,328.82882595062256
909,259,1301.095396677653,310.98681539297104
909,260,1341.8388332020152,329.5546287840063
909,261,1094.7779846191406,266.389135658741
910,255,1288.0138778686523,186.76097452640533
910,256,1637.9746627807617,330.50052881240845
911,256,1571.0080337524414,325.51602959632874
912,256,1492.1174812316895,319.64326322078705
913,256,1149.6486282348633,355.0227212905884
914,256,1199.2189407348633,269.4828513264656
914,257,1187.295913696289,267.8043329715729
915,256,1202.7200317382812,270.8274185657501
916,256,1300.7437705993652,266.4540284872055
917,256,1330.8220291137695,316.77500009536743
917,257,1196.1728477478027,311.2205408513546
918,257,741.1075401306152,353.3293569087982
919,257,1207.6440811157227,263.06276947259903
920,257,1264.0681457519531,267.2994191944599
921,257,636.6896438598633,352.8115725517273
921,258,751.6680908203125,268.74061703681946
921,259,1176.7272663116455,160.5201432108879
921,260,1175.8454548228872,162.33283834023908
921,261,1174.4742584228516,162.53334760665894
922,257,978.4854507446289,313.1057596206665
923,257,1217.0258903503418,270.713297277689
924,257,684.5486450195312,289.09023374319077
925,257,1103.975601196289,270.3729732334614
925,258,1104.6297454833984,268.38716357946396
926,257,1102.661018371582,271.6585385799408
926,258,1102.9438018798828,262.4706503748894
927,257,858.967924118042,316.493958234787
928,258,753.0600738525391,314.0153932571411
929,258,660.9498405456543,317.8149676322937
930,258,1119.7143173217773,271.956287920475
931,258,580.7135581970215,319.3900680541992
932,258,451.024067401886,320.57094275951385
933,258,1208.1909084320068,274.8367852717638
933,259,1296.6835403442383,311.69501423835754
934,258,1100.5927276611328,275.9569635987282
935,258,872.8484344482422,293.63095611333847
936,258,1110.4216003417969,289.4462513923645
937,259,1090.391845703125,291.6989877820015
938,259,546.2576580047607,221.16542279720306
939,259,550.342960357666,143.25859263539314
939,260,549.4633827209473,141.9374365210533
940,259,763.7208366394043,270.6248366832733
941,261,894.8724174499512,263.93020391464233
942,261,1099.152717590332,270.5868163704872
943,261,474.9088827768962,264.30398002266884
943,262,291.2713837623596,254.49799496680498
943,263,291.87506675720215,264.52258318662643
944,261,877.2808456420898,272.43259996175766
944,262,867.6337623596191,266.7831764370203
944,263,869.7464275360107,270.4461573064327
945,261,1074.3114852905273,265.6579153239727
946,261,765.4701232910156,270.92309296131134
946,262,772.1482515335083,270.0480645149946
946,263,769.3988800048828,269.46797311306
947,261,864.1349029541016,268.7361605465412
947,262,861.5584373474121,266.62761837244034
948,261,863.8985824584961,271.2104058265686
949,262,697.0939636230469,271.12401723861694
950,262,778.8470306396484,270.88854879140854
951,263,382.9042339324951,264.3745467066765
952,264,387.73658752441406,266.388199031353
953,264,874.647331237793,270.89472860097885
953,265,867.8079414367676,272.90108263492584
954,265,769.1983222961426,269.45437086480007
955,266,1169.5886993408203,158.82463037967682
956,266,291.69346809387207,255.87088733911514
957,268,1174.1142272949219,162.03341603279114
957,269,160.82161903381348,885.217809677124
957,270,552.5161027908325,142.9209055379033
958,268,566.0861778259277,292.87538185715675
958,269,568.6622257232666,292.7592368423939
959,268,287.0561771392822,257.8091218471527
959,269,291.59287626093084,258.4171173789284
960,269,1173.944492340088,270.165241509676
961,269,1202.1335728963215,270.4625737667084
962,269,360.95629692077637,304.7351807355881
963,269,581.3897895812988,274.88857939839363
964,269,784.7365708351135,929.7206783294678
964,270,1348.1079891749791,499.33932908943723
964,271,1174.6869659423828,160.2862787246704
964,272,1174.3193435668945,159.83374178409576
965,270,904.2755126953125,300.10053277015686
966,270,1259.9639797210693,259.6795027703047
966,271,410.6094857624599,330.1988327928952
966,272,311.8474878370762,341.1617872864008
966,273,292.2617894411087,344.7810323238373
967,270,582.7441120147705,295.82828879356384
967,271,570.2534866333008,296.0530109703541
968,271,564.0069580078125,299.3577003479004
969,271,291.31693840026855,264.28722470998764
970,271,585.4092979431152,276.36617213487625
971,272,72.23832607269287,370.8171558380127
972,273,554.9365711212158,304.6916323900223
972,274,614.1820342540741,458.79290878772736
972,275,663.6913661956787,481.4487462043762
972,276,760.8717607197009,502.9007295558327
972,277,497.9561218193599,460.7524337513106
972,278,963.2250695228577,476.9883691370487
972,279,350.5865841645461,377.32309891627386
972,280,437.22843527793884,391.8651017546654
973,273,548.5150051116943,139.46981884539127
974,273,557.6758217811584,721.2051808834076
974,274,410.04833221435547,322.39941000938416
974,275,408.460693359375,321.71798944473267
975,273,496.22045516967773,313.70805501937866
975,274,510.83851064954484,375.6946211201804
976,274,485.6783866882324,314.5998948812485
977,274,1175.9085845947266,159.22778248786926
978,274,643.3346557617188,721.3630557060242
978,275,450.18505096435547,348.5580289363861
979,274,822.1842908859253,762.9104626178741
979,275,935.80246925354,756.3410997390747
980,275,439.99351501464844,349.285626411438
981,275,403.6699104309082,358.7937569618225
982,276,1049.6451663970947,529.8063719272614
983,277,1478.7514114379883,584.0345442295074
983,278,927.6006031036377,452.0974311232567
984,277,1407.8823471069336,556.12036049366
984,278,203.83893728256226,381.0980898141861
984,279,199.79551315307617,378.20444494485855
984,280,181.61462238856726,376.77734766687666
985,277,168.64829778671265,489.63633835315704
985,278,159.4817304611206,494.1153645515442
986,278,766.7385864257812,259.1902819275856
987,278,1457.3363767351423,531.3787012440818
987,279,194.0115737915039,368.764750957489
988,278,139.8311161994934,499.0012764930725
989,279,584.5557260513306,874.4020164012909
990,279,265.5477046966553,365.03684520721436
990,280,275.13813972473145,368.88153970241547
990,281,273.5457331793649,378.40849782739366
990,282,265.95422744750977,374.0468144416809
991,279,276.0132694244385,372.3341703414917
991,280,279.6519184112549,367.28954672813416
992,280,287.24677562713623,369.80381190776825
993,280,1319.113540649414,815.4787230491638
994,280,1604.2319869995117,810.6344725191593
995,280,1145.929298400879,327.1756947040558
995,281,841.8717018295737,321.6140734097537
995,282,958.9131894318954,445.03618877866995
995,283,556.5512681007385,145.15648433938622
995,284,556.2477493286133,143.11224728822708
995,285,515.9737131470129,220.23893352401885
995,286,1184.0563230514526,474.26742654293776
996,280,998.0346822738647,325.3949600458145
996,281,896.0152397836957,328.81202459335327
996,282,1175.5185045514788,157.17030823230743
996,283,1176.5265502929688,159.0335100889206
997,280,159.70512628555298,375.30868649482727
997,281,142.79344761371613,382.9537578821182
997,282,946.0423994064331,333.0926410853863
998,280,147.72869110107422,370.23029923439026
998,281,147.4559211730957,380.467346906662
999,280,136.1670684814453,369.73504543304443
1000,281,1578.3970069885254,431.2333258241415
1000,282,1582.4295616149902,413.7347263097763
1001,281,1650.1067079816546,439.0426857130868
1002,281,665.632438659668,329.4421076774597
1002,282,781.7448234558105,152.9524004459381
1003,281,610.916862487793,858.7962913513184
1004,281,761.1724172319684,618.2663864110198
1004,282,554.8703384399414,143.33310708403587
1005,281,81.7380952835083,383.9657789468765
1005,282,81.87084368297032,385.94250644956315
1006,281,1062.8422164916992,890.4247498512268
1007,282,162.4453639984131,386.36694073677063
1008,282,254.15491676330566,375.69822692871094
1009,282,193.1170415878296,387.10644721984863
1009,283,194.39548424312048,389.79855588504245
1010,282,240.63634872436523,378.7698304653168
1011,282,73.35622787475586,384.568133354187
1012,282,56.204213976860046,383.8067808151245
1013,282,1287.7386474609375,162.31779992580414
1014,283,193.77828788757324,410.22362780570984
1014,284,251.49628527024214,410.97240539158093
1014,285,357.94484433920485,391.26116589359617
1014,286,1688.166618347168,312.02519953250885
1015,283,42.026381492614746,391.67616963386536
1016,283,39.48999211192131,410.2848395705223
1017,283,1587.5704193115234,382.055401631764
1018,284,779.1032447814941,152.2146213054657
1018,285,695.131174325943,277.7185969054699
1018,286,773.8081741333008,155.82445621490479
1019,284,695.6351852416992,149.90684732794762
1019,285,690.7886950174967,148.67264807224274
1019,286,689.3477153778076,148.94654877483845
1020,285,742.544566934759,714.0066785704006
1020,286,554.3669366836548,142.9708931967616
1020,287,555.0279951095581,143.06912742555141
1020,288,549.4049263000488,143.80599729716778
1020,289,1280.4399490356445,182.64338672161102
1020,290,552.0515956878662,141.9672520905733
1020,291,553.2381057739258,142.26508632302284
1020,292,555.0853022407083,141.36302961146131
1020,293,556.1065812544389,141.53108068487862
1020,294,822.9566033681234,323.7478047609329
1020,295,551.4874362945557,143.59571127220988
1020,296,552.876341342926,143.20126812905073
1020,297,552.89374183206,141.5461942728828
1020,298,645.7080066204071,145.399435646832
1020,299,864.1000831604003,193.99085202813148
1020,300,1011.2073421478271,214.13740365207195
1020,301,789.0536197026571,182.61960469186306
1020,302,770.7366466522217,151.01943969726562
1020,303,1220.552864074707,169.34966012835503
1021,285,88.71327638626099,443.1053817272186
1021,286,1150.4256772994995,351.09555691480637
1021,287,235.5846118927002,670.1244521141052
1022,286,1283.3670501708984,175.06998825073242
1023,286,1290.9307479858398,162.31189370155334
1024,286,1172.6771354675293,157.07788199186325
1024,287,1174.8598970685687,156.36201534952437
1024,288,1175.0847244262695,157.871732711792
1025,286,1173.230323791504,154.56530928611755
1026,287,779.8797512054443,156.6777017712593
1026,288,777.8088998794556,156.0950629413128
1026,289,779.0003377741033,154.77542720057747
1026,290,775.8357667922974,155.53446918725967
1026,291,778.0209664737476,153.21346458266763
1026,292,778.9519500732422,152.51978285172407
1026,293,780.8080887794495,155.52565813064575
1026,294,741.5463506258451,210.6298848757377
1026,295,780.943504782284,157.4889773831648
1026,296,781.9364941120148,157.45020914822817
1026,297,782.9798227197983,155.47209315440233
1026,298,784.7311423806583,151.78231492638588
1026,299,785.2679786682129,154.89945150911808
1026,300,784.4233226776123,155.16400784254074
1026,301,778.9954376220703,154.6666967868805
1027,287,685.3020858764648,154.07378911972046
1027,288,687.9376029968262,151.4155375957489
1028,288,957.7287483215332,906.4304566383362
1029,288,1057.3087692260742,909.516499042511
1030,288,1146.8837356567383,326.8366742134094
1031,289,1275.168800354004,296.92497164011
1032,289,961.7494297027588,290.1130270957947
1033,289,687.3752975463867,293.78454208374023
1034,289,1173.7174987792969,157.72731184959412
1034,290,1173.9330053329468,159.14459645748138
1035,290,574.5569801330566,292.85753041505814
1036,290,1780.5823516845703,263.3180809020996
1037,290,695.3135204315186,149.63427990674973
1037,291,700.3759002685547,148.0986205637455
1037,292,697.120880800135,148.3111604785218
1037,293,688.7523569379534,148.7585936486721
1038,292,1172.8673458099365,158.31542775034904
1038,293,1172.4767875671387,158.22399124503136
1038,294,682.7590498924255,298.6315546184778
1039,292,292.8618621826172,257.1038880944252
1039,293,293.27725410461426,256.35144478082657
1039,294,292.2059171340045,255.2377588433378
1039,295,291.99429988861084,255.53632628917694
1039,296,294.0230083465576,256.5846633911133
1040,293,1289.0759468078613,162.2913184762001
1040,294,606.9905233383179,893.084921836853
1041,294,872.5339412689209,661.8965184688568
1042,297,1174.683085850307,159.14979917662484
1042,298,1179.3812370300293,161.011483669281
1042,299,934.996079531583,162.46392630717972
1042,300,1033.1844463348389,164.79295367002487
1042,301,642.7530462091619,210.1310538703745
1042,302,553.1115286690848,140.9767925952162
1043,297,694.6402931213379,144.7100579738617
1044,297,868.2772350311279,154.3706613779068
1044,298,871.5125999450684,154.2160406112671
1045,298,293.45511981419156,255.70471299546105
1045,299,295.4849433898926,255.46464800834656
1046,299,695.189151763916,143.49414825439453
1047,299,1174.2604064941406,158.3644598722458
1047,300,1174.8203659057617,157.56332159042358
1048,300,552.3226261138916,141.62462711334229
1048,301,667.8104209899902,236.30044430494308
1048,302,1168.0542182922363,156.18957728147507
1048,303,1165.9015274047852,156.46310091018677
1049,301,648.4092903137207,325.83415031433105
1049,302,769.1764068603516,152.6350039243698
1049,303,969.0430068969727,169.40797591209412
1049,304,603.8885955810547,144.9698232114315
1049,305,548.869457244873,141.96224749088287
1050,302,279.9518823623657,273.79169538617134
1050,303,291.9432373046875,255.89250540733337
1051,304,766.0095405578613,148.0355840921402
1052,304,682.8538227081299,148.92839759588242
